previous_day_water_demand_kL,temperature_C,rainfall_mm,humidity_pct,peak_hour_indicator,timestamp,holiday_indicator,population_users,water_storage_level_pct,zone,water_quality_index,hour,day_of_week,month,demand_lag_1,demand_lag_2,demand_lag_3,demand_rolling_mean_3,temperature_humidity,rainfall_temperature,storage_low_indicator,storage_demand_ratio,next_day_water_demand_kL,contamination_risk
577.72,30.36,0.42,66.97,1,2025-01-01 02:00:00,0,108715,59.37,Zone_B,94.26,2,2,1,577.72,483.41,559.61,540.2466666666667,2033.2092,12.751199999999999,0,0.10258847110865357,682.76,0
682.76,26.12,7.06,75.62,0,2025-01-01 03:00:00,0,88665,50.67,Zone_A,83.63,3,2,1,682.76,577.72,483.41,581.2966666666667,1975.1944,184.4072,0,0.07410494910494911,471.9,0
471.9,34.19,10.17,66.73,0,2025-01-01 04:00:00,0,65957,60.52,Zone_D,79.12,4,2,1,471.9,682.76,577.72,577.46,2281.4987,347.71229999999997,0,0.12797631634595052,471.9,1
471.9,32.36,12.5,67.43,0,2025-01-01 05:00:00,0,98127,70.65,Zone_B,92.65,5,2,1,471.9,471.9,682.76,542.1866666666666,2182.0348000000004,404.5,0,0.14939733558891946,689.51,0
689.51,35.37,0.75,78.53,0,2025-01-01 06:00:00,0,113589,59.31,Zone_B,94.47,6,2,1,689.51,471.9,471.9,544.4366666666666,2777.6061,26.527499999999996,0,0.08589303558239562,592.09,0
592.09,33.81,2.61,60.98,1,2025-01-01 07:00:00,0,96008,70.66,Zone_B,75.68,7,2,1,592.09,689.51,471.9,584.5,2061.7338,88.2441,0,0.11913874791347012,443.66,1
443.66,36.3,11.56,82.83,0,2025-01-01 08:00:00,0,111920,72.9,Zone_D,75.37,8,2,1,443.66,592.09,689.51,575.0866666666667,3006.729,419.628,0,0.16394548643907705,565.11,1
565.11,26.79,4.85,84.19,1,2025-01-01 09:00:00,0,82875,80.0,Zone_D,86.8,9,2,1,565.11,443.66,592.09,533.62,2255.4501,129.9315,0,0.14131529208104432,444.39,0
444.39,37.9,9.98,77.4,0,2025-01-01 10:00:00,0,51626,88.09,Zone_B,90.03,10,2,1,444.39,565.11,443.66,484.3866666666667,2933.46,378.242,0,0.19778171939199354,444.11,0
444.11,31.19,1.37,70.35,1,2025-01-01 11:00:00,0,140815,66.4,Zone_D,82.61,11,2,1,444.11,444.39,565.11,484.5366666666667,2194.2165,42.73030000000001,0,0.14917660802947585,529.04,0
529.04,42.45,16.7,63.84,1,2025-01-01 12:00:00,0,113822,41.46,Zone_B,90.43,12,2,1,529.04,444.11,444.39,472.5133333333333,2710.0080000000003,708.915,0,0.07822051165949741,270.41,0
270.41,25.86,1.24,66.84,0,2025-01-01 13:00:00,0,121765,58.79,Zone_C,79.32,13,2,1,270.41,529.04,444.11,414.52000000000004,1728.4824,32.0664,0,0.2166095574960392,293.01,1
293.01,40.42,6.88,62.47,0,2025-01-01 14:00:00,0,122413,65.79,Zone_D,68.08,14,2,1,293.01,270.41,529.04,364.15333333333336,2525.0374,278.0896,0,0.2237678990510527,432.53,1
432.53,31.19,7.04,78.0,0,2025-01-01 15:00:00,0,83642,31.96,Zone_C,81.61,15,2,1,432.53,293.01,270.41,331.98333333333335,2432.82,219.57760000000002,0,0.07372038843909304,378.46,0
378.46,26.09,3.56,88.5,0,2025-01-01 16:00:00,1,88311,90.0,Zone_A,85.51,16,2,1,378.46,432.53,293.01,368.0,2308.965,92.8804,0,0.23717914931745113,537.71,0
537.71,27.1,8.8,68.47,0,2025-01-01 17:00:00,0,82356,67.56,Zone_D,82.79,17,2,1,537.71,378.46,432.53,449.56666666666666,1855.537,238.48000000000002,0,0.12541070334688423,391.04,0
391.04,28.08,9.01,73.61,0,2025-01-01 18:00:00,1,53809,71.86,Zone_A,75.73,18,2,1,391.04,537.71,378.46,435.7366666666667,2066.9687999999996,253.00079999999997,0,0.18329762269156208,330.52,1
330.52,32.54,8.22,71.75,0,2025-01-01 19:00:00,0,93371,89.58,Zone_B,70.47,19,2,1,330.52,391.04,537.71,419.7566666666667,2334.745,267.47880000000004,0,0.2702099420849421,675.88,1
675.88,33.14,3.49,61.32,0,2025-01-01 20:00:00,1,84875,53.66,Zone_D,80.89,20,2,1,675.88,330.52,391.04,465.81333333333333,2032.1448,115.6586,0,0.07927549934995863,472.91,0
472.91,26.56,2.83,82.48,0,2025-01-01 21:00:00,0,59465,75.33,Zone_D,92.18,21,2,1,472.91,675.88,330.52,493.1033333333334,2190.6688,75.1648,0,0.1589542318161676,508.1,0
508.1,29.85,3.89,69.32,0,2025-01-01 22:00:00,1,116095,63.02,Zone_D,95.05,22,2,1,508.1,472.91,675.88,552.2966666666667,2069.2019999999998,116.11650000000002,0,0.12378707523079945,329.03,0
329.03,42.85,2.42,63.15,0,2025-01-01 23:00:00,0,123844,61.69,Zone_A,94.5,23,2,1,329.03,508.1,472.91,436.68,2705.9775,103.697,0,0.18692240099384905,434.67,0
434.67,40.37,14.22,63.09,0,2025-01-02 00:00:00,0,115250,51.1,Zone_A,78.47,0,3,1,434.67,329.03,508.1,423.93333333333334,2546.9433,574.0613999999999,0,0.11729060986526499,513.31,1
513.31,32.62,4.24,66.59,1,2025-01-02 01:00:00,1,136889,94.98,Zone_B,75.77,1,3,1,513.31,434.67,329.03,425.67,2172.1657999999998,138.3088,0,0.18467461258773893,361.88,1
361.88,30.23,6.71,74.76,0,2025-01-02 02:00:00,0,65250,58.24,Zone_C,88.97,2,3,1,361.88,513.31,434.67,436.62000000000006,2259.9948000000004,202.8433,0,0.16049382716049385,545.08,0
545.08,30.72,11.52,72.7,0,2025-01-02 03:00:00,0,96023,77.59,Zone_C,90.08,3,3,1,545.08,361.88,513.31,473.42333333333335,2233.344,353.89439999999996,0,0.14208540873132142,427.92,0
427.92,33.68,2.29,69.08,0,2025-01-02 04:00:00,0,96624,31.25,Zone_A,88.2,4,3,1,427.92,545.08,361.88,444.96000000000004,2326.6144,77.1272,0,0.07285740930709689,465.0,0
465.0,23.86,1.17,74.08,0,2025-01-02 05:00:00,1,66427,86.24,Zone_D,68.89,5,3,1,465.0,427.92,545.08,479.3333333333333,1767.5488,27.916199999999996,0,0.1850643776824034,427.8,1
427.8,28.46,2.43,78.79,0,2025-01-02 06:00:00,0,83276,83.94,Zone_C,78.06,6,3,1,427.8,465.0,427.92,440.24,2242.3634,69.15780000000001,0,0.19575559701492537,722.27,1
722.27,19.99,7.37,96.24,0,2025-01-02 07:00:00,0,121643,66.75,Zone_C,84.76,7,3,1,722.27,427.8,465.0,538.3566666666667,1923.8375999999998,147.3263,0,0.09228918661080925,498.38,0
498.38,32.4,6.94,74.2,0,2025-01-02 08:00:00,0,129012,60.92,Zone_A,88.9,8,3,1,498.38,722.27,427.8,549.4833333333332,2404.08,224.856,0,0.12199126917377548,373.07,0
373.07,33.88,8.21,79.86,1,2025-01-02 09:00:00,0,53439,72.2,Zone_B,91.14,9,3,1,373.07,498.38,722.27,531.24,2705.6568,278.1548,0,0.19301200310102387,598.71,0
598.71,27.1,5.29,66.2,1,2025-01-02 10:00:00,0,135848,100.0,Zone_A,86.15,10,3,1,598.71,373.07,498.38,490.05333333333334,1794.0200000000002,143.359,0,0.16674726117623517,353.5,0
353.5,39.44,5.14,68.71,1,2025-01-02 11:00:00,0,137331,33.26,Zone_A,87.65,11,3,1,353.5,598.71,373.07,441.76000000000005,2709.9223999999995,202.72159999999997,0,0.09382228490832158,525.06,0
525.06,22.65,12.75,72.1,0,2025-01-02 12:00:00,0,128672,79.08,Zone_D,85.68,12,3,1,525.06,353.5,598.71,492.42333333333335,1633.0649999999998,288.78749999999997,0,0.1503250579781774,264.84,0
264.84,21.21,15.38,70.21,0,2025-01-02 13:00:00,1,129703,48.59,Zone_A,90.48,13,3,1,264.84,525.06,353.5,381.1333333333334,1489.1541,326.20980000000003,0,0.18277911525729765,340.62,0
340.62,31.35,6.33,68.01,1,2025-01-02 14:00:00,0,67300,64.64,Zone_D,87.5,14,3,1,340.62,264.84,525.06,376.84,2132.1135000000004,198.4455,0,0.18921608805105086,523.62,0
523.62,36.28,6.97,79.51,0,2025-01-02 15:00:00,0,110289,60.54,Zone_B,85.53,15,3,1,523.62,340.62,264.84,376.36000000000007,2884.6228,252.8716,0,0.11539781174945675,588.62,0
588.62,40.1,9.83,74.52,0,2025-01-02 16:00:00,0,67182,57.29,Zone_D,82.85,16,3,1,588.62,523.62,340.62,484.2866666666667,2988.252,394.183,0,0.09716427529595333,520.56,0
520.56,27.25,15.05,79.15,0,2025-01-02 17:00:00,0,120507,64.81,Zone_B,85.65,17,3,1,520.56,588.62,523.62,544.2666666666668,2156.8375,410.1125,0,0.1242618298949306,486.12,0
486.12,36.47,5.84,57.56,0,2025-01-02 18:00:00,0,100912,44.58,Zone_B,88.88,18,3,1,486.12,520.56,588.62,531.7666666666668,2099.2132,212.98479999999998,0,0.09151749055674166,463.87,0
463.87,29.77,9.72,73.61,1,2025-01-02 19:00:00,0,76909,83.53,Zone_B,87.14,19,3,1,463.87,486.12,520.56,490.1833333333334,2191.3696999999997,289.3644,0,0.17968464301847828,322.58,0
322.58,28.96,3.34,78.24,0,2025-01-02 20:00:00,0,69659,32.71,Zone_A,88.05,20,3,1,322.58,463.87,486.12,424.19000000000005,2265.8304,96.7264,0,0.10108782990296064,413.62,0
413.62,35.3,1.41,72.16,1,2025-01-02 21:00:00,0,81403,74.72,Zone_D,95.74,21,3,1,413.62,322.58,463.87,400.02333333333337,2547.2479999999996,49.772999999999996,0,0.18021320727413054,444.72,0
444.72,33.91,3.71,57.12,0,2025-01-02 22:00:00,0,83586,59.12,Zone_C,87.12,22,3,1,444.72,413.62,322.58,393.6400000000001,1936.9391999999998,125.80609999999999,0,0.1326393251368572,626.85,0
626.85,20.54,17.72,75.44,0,2025-01-02 23:00:00,0,60360,43.92,Zone_A,79.81,23,3,1,626.85,444.72,413.62,495.06333333333345,1549.5375999999999,363.9688,0,0.06995301425499721,541.23,1
541.23,38.86,9.88,67.4,0,2025-01-03 00:00:00,0,71424,68.64,Zone_B,92.07,0,4,1,541.23,626.85,444.72,537.6,2619.164,383.9368,0,0.12658834811795733,288.44,0
288.44,38.28,1.59,72.67,0,2025-01-03 01:00:00,0,148035,36.97,Zone_C,74.07,1,4,1,288.44,541.23,626.85,485.5066666666667,2781.8076,60.8652,0,0.1277294085129906,538.89,1
538.89,26.25,10.26,60.43,1,2025-01-03 02:00:00,0,98791,65.71,Zone_A,76.35,2,4,1,538.89,288.44,541.23,456.1866666666667,1586.2875,269.325,0,0.12170997795847302,453.79,1
453.79,32.37,1.75,71.8,1,2025-01-03 03:00:00,0,53065,39.39,Zone_C,87.69,3,4,1,453.79,538.89,288.44,427.04,2324.1659999999997,56.647499999999994,0,0.08661140306515094,418.77,0
418.77,32.96,8.11,73.77,1,2025-01-03 04:00:00,0,118795,73.3,Zone_B,89.13,4,4,1,418.77,453.79,538.89,470.48333333333335,2431.4592,267.30559999999997,0,0.17461943445220002,573.4,0
573.4,31.56,2.19,80.55,1,2025-01-03 05:00:00,0,62300,48.36,Zone_C,75.04,5,4,1,573.4,418.77,453.79,481.98666666666674,2542.158,69.1164,0,0.08419220055710307,623.72,1
623.72,26.7,1.48,83.18,0,2025-01-03 06:00:00,0,83370,56.88,Zone_C,81.94,6,4,1,623.72,573.4,418.77,538.6300000000001,2220.906,39.516,0,0.09104878985785632,611.75,0
611.75,25.97,19.96,82.88,1,2025-01-03 07:00:00,0,119831,70.29,Zone_B,80.15,7,4,1,611.75,623.72,573.4,602.9566666666668,2152.3936,518.3612,0,0.1147123623011016,399.29,0
399.29,29.85,4.23,68.72,0,2025-01-03 08:00:00,0,77209,51.09,Zone_C,81.11,8,4,1,399.29,611.75,623.72,544.9200000000001,2051.292,126.26550000000002,0,0.1276324664618152,462.89,0
462.89,37.04,9.73,54.11,0,2025-01-03 09:00:00,0,70927,63.96,Zone_A,92.55,9,4,1,462.89,399.29,611.75,491.3100000000001,2004.2343999999998,360.3992,0,0.13787751406583457,539.75,0
539.75,33.26,6.06,69.25,0,2025-01-03 10:00:00,1,84579,37.75,Zone_C,90.65,10,4,1,539.75,462.89,399.29,467.3100000000001,2303.2549999999997,201.55559999999997,0,0.06981044845122515,617.07,0
617.07,27.78,1.92,84.79,0,2025-01-03 11:00:00,1,59032,76.36,Zone_D,84.85,11,4,1,617.07,539.75,462.89,539.9033333333335,2355.4662000000003,53.3376,0,0.12354587668063487,442.5,0
442.5,34.63,4.68,82.44,0,2025-01-03 12:00:00,0,143254,96.77,Zone_A,80.63,12,4,1,442.5,617.07,539.75,533.1066666666667,2854.8972000000003,162.0684,0,0.21819616685456594,477.72,0
477.72,15.0,1.94,92.68,0,2025-01-03 13:00:00,0,128413,100.0,Zone_C,74.2,13,4,1,477.72,442.5,617.07,512.4300000000002,1390.2,29.099999999999998,0,0.20889037433155078,367.24,1
367.24,36.89,30.97,72.92,1,2025-01-03 14:00:00,0,90731,66.64,Zone_D,96.36,14,4,1,367.24,477.72,442.5,429.1533333333334,2690.0188000000003,1142.4832999999999,0,0.18096893330436672,356.46,0
356.46,19.56,11.18,86.39,0,2025-01-03 15:00:00,0,142202,79.19,Zone_D,89.74,15,4,1,356.46,367.24,477.72,400.4733333333334,1689.7884,218.68079999999998,0,0.22153527667431322,597.5,0
597.5,27.83,5.96,72.29,0,2025-01-03 16:00:00,0,103767,32.95,Zone_D,79.35,16,4,1,597.5,356.46,367.24,440.4000000000001,2011.8307,165.86679999999998,0,0.05505430242272348,662.75,1
662.75,23.28,9.32,79.33,0,2025-01-03 17:00:00,0,122302,92.05,Zone_C,90.76,17,4,1,662.75,597.5,356.46,538.9033333333334,1846.8024,216.9696,0,0.13868173258003766,491.36,0
491.36,22.23,10.61,94.57,0,2025-01-03 18:00:00,0,99954,78.97,Zone_B,84.44,18,4,1,491.36,662.75,597.5,583.87,2102.2911,235.8603,0,0.1603907709805833,620.42,0
620.42,36.96,10.64,61.89,1,2025-01-03 19:00:00,0,138365,56.29,Zone_D,82.7,19,4,1,620.42,491.36,662.75,591.5100000000001,2287.4544,393.25440000000003,0,0.09058285861414181,543.4,0
543.4,27.19,10.27,90.16,0,2025-01-03 20:00:00,0,135757,87.27,Zone_B,88.48,20,4,1,543.4,620.42,491.36,551.7266666666668,2451.4504,279.2413,0,0.16030492285084497,422.59,0
422.59,32.08,9.65,70.76,1,2025-01-03 21:00:00,0,75102,60.42,Zone_A,79.07,21,4,1,422.59,543.4,620.42,528.8033333333334,2269.9808,309.572,0,0.14263792818527352,543.37,1
543.37,29.72,6.4,85.83,1,2025-01-03 22:00:00,0,84433,56.76,Zone_B,82.25,22,4,1,543.37,422.59,543.4,503.12000000000006,2550.8676,190.208,0,0.10426731818432315,684.56,0
684.56,32.86,18.84,61.46,0,2025-01-03 23:00:00,0,65932,73.56,Zone_B,85.97,23,4,1,684.56,543.37,422.59,550.1733333333333,2019.5756,619.0824,0,0.10729914230701909,495.7,0
495.7,30.46,6.77,79.32,0,2025-01-04 00:00:00,0,75714,45.86,Zone_B,81.0,0,5,1,495.7,684.56,543.37,574.5433333333334,2416.0872,206.2142,0,0.09232937386752567,687.76,0
687.76,22.3,6.11,75.26,1,2025-01-04 01:00:00,0,107803,83.39,Zone_B,90.35,1,5,1,687.76,495.7,684.56,622.6733333333333,1678.2980000000002,136.25300000000001,0,0.12107265230268889,185.63,0
185.63,35.98,6.82,58.9,1,2025-01-04 02:00:00,0,89743,45.99,Zone_B,99.95,2,5,1,185.63,687.76,495.7,456.3633333333334,2119.2219999999998,245.3836,0,0.24642340459733164,598.63,0
598.63,27.04,7.25,79.12,1,2025-01-04 03:00:00,0,52552,46.1,Zone_A,78.97,3,5,1,598.63,185.63,687.76,490.67333333333335,2139.4048000000003,196.04,0,0.07688074312492704,510.45,1
510.45,20.66,0.76,90.55,1,2025-01-04 04:00:00,0,106627,48.63,Zone_A,71.68,4,5,1,510.45,598.63,185.63,431.57,1870.763,15.701600000000001,0,0.09508260827060319,464.12,1
464.12,27.43,2.41,70.3,0,2025-01-04 05:00:00,0,95987,78.67,Zone_B,68.99,5,5,1,464.12,510.45,598.63,524.4,1928.329,66.1063,0,0.1691391468868249,511.01,1
511.01,39.0,5.29,55.8,0,2025-01-04 06:00:00,0,129810,53.9,Zone_B,83.8,6,5,1,511.01,464.12,510.45,495.1933333333333,2176.2,206.31,0,0.10527138141833167,261.49,0
261.49,35.1,0.7,70.18,0,2025-01-04 07:00:00,1,95380,40.74,Zone_D,79.69,7,5,1,261.49,511.01,464.12,412.20666666666665,2463.318,24.57,0,0.1552059126061945,473.64,1
473.64,27.91,5.95,75.97,1,2025-01-04 08:00:00,0,79250,54.1,Zone_A,86.66,8,5,1,473.64,261.49,511.01,415.38000000000005,2120.3227,166.0645,0,0.11398112253497387,542.85,0
542.85,27.9,7.17,81.06,0,2025-01-04 09:00:00,0,118344,64.42,Zone_C,86.06,9,5,1,542.85,473.64,261.49,425.99333333333334,2261.574,200.04299999999998,0,0.1184517789831755,677.35,0
677.35,28.07,1.33,84.14,0,2025-01-04 10:00:00,0,114686,43.74,Zone_A,72.17,10,5,1,677.35,542.85,473.64,564.6133333333333,2361.8098,37.3331,0,0.06447998820667797,437.81,1
437.81,42.46,3.1,64.56,0,2025-01-04 11:00:00,1,95028,44.27,Zone_C,70.48,11,5,1,437.81,677.35,542.85,552.67,2741.2176,131.626,0,0.10088648845741893,402.98,1
402.98,32.29,15.85,88.01,0,2025-01-04 12:00:00,0,65295,100.0,Zone_D,87.37,12,5,1,402.98,437.81,677.35,506.0466666666667,2841.8429,511.7965,0,0.24753700678251397,439.79,0
439.79,32.58,9.39,74.73,0,2025-01-04 13:00:00,1,105248,49.51,Zone_B,86.08,13,5,1,439.79,402.98,437.81,426.85999999999996,2434.7034,305.9262,0,0.11232105991515233,609.85,0
609.85,36.18,8.96,67.28,1,2025-01-04 14:00:00,0,130205,59.19,Zone_D,81.59,14,5,1,609.85,439.79,402.98,484.2066666666667,2434.1904,324.17280000000005,0,0.0968977654088565,539.45,0
539.45,31.43,14.41,60.96,0,2025-01-04 15:00:00,0,60523,58.39,Zone_B,71.74,15,5,1,539.45,609.85,439.79,529.6966666666667,1915.9728,452.9063,0,0.10803959663243592,436.43,1
436.43,28.45,2.46,74.14,1,2025-01-04 16:00:00,1,95530,57.42,Zone_A,88.77,16,5,1,436.43,539.45,609.85,528.5766666666667,2109.283,69.987,0,0.13126671696042796,561.59,0
561.59,28.82,1.34,73.25,0,2025-01-04 17:00:00,0,63769,76.18,Zone_B,95.18,17,5,1,561.59,436.43,539.45,512.49,2111.065,38.6188,0,0.13540944559981513,511.65,0
511.65,29.57,12.96,83.03,0,2025-01-04 18:00:00,0,113042,82.07,Zone_C,87.22,18,5,1,511.65,561.59,436.43,503.22333333333336,2455.1971,383.22720000000004,0,0.1600897298351702,616.24,0
616.24,29.78,5.43,78.88,1,2025-01-04 19:00:00,0,94645,59.49,Zone_C,78.22,19,5,1,616.24,511.65,561.59,563.16,2349.0464,161.7054,0,0.09638066230315599,415.75,1
415.75,34.37,2.39,62.07,1,2025-01-04 20:00:00,0,140743,42.74,Zone_D,85.36,20,5,1,415.75,616.24,511.65,514.5466666666666,2133.3459,82.1443,0,0.10255548890221956,460.68,0
460.68,30.31,0.75,76.13,0,2025-01-04 21:00:00,0,112142,87.94,Zone_A,74.07,21,5,1,460.68,415.75,616.24,497.5566666666666,2307.5002999999997,22.732499999999998,0,0.19047825333564372,452.95,1
452.95,34.4,6.89,76.86,1,2025-01-04 22:00:00,0,75557,63.28,Zone_C,93.46,22,5,1,452.95,460.68,415.75,443.1266666666667,2643.984,237.016,0,0.13939861218195837,324.38,0
324.38,29.52,4.87,87.61,0,2025-01-04 23:00:00,0,129782,96.15,Zone_D,85.65,23,5,1,324.38,452.95,460.68,412.67,2586.2472,143.7624,0,0.29550064539922555,535.53,0
535.53,30.47,4.11,81.72,0,2025-01-05 00:00:00,0,128382,24.58,Zone_A,70.85,0,6,1,535.53,324.38,452.95,437.61999999999995,2490.0083999999997,125.2317,1,0.045812908877415986,531.33,1
531.33,18.01,0.19,90.68,0,2025-01-05 01:00:00,1,87085,68.52,Zone_A,82.59,1,6,1,531.33,535.53,324.38,463.74666666666667,1633.1468000000002,3.4219000000000004,0,0.12871714913681362,500.61,0
500.61,35.5,18.65,71.08,0,2025-01-05 02:00:00,0,100708,99.53,Zone_D,88.71,2,6,1,500.61,531.33,535.53,522.4900000000001,2523.34,662.0749999999999,0,0.19842108410916848,471.85,0
471.85,32.08,1.03,76.44,0,2025-01-05 03:00:00,0,101357,58.64,Zone_C,82.34,3,6,1,471.85,500.61,531.33,501.2633333333333,2452.1951999999997,33.0424,0,0.12401395791477213,330.16,0
330.16,35.99,4.51,80.21,0,2025-01-05 04:00:00,0,63470,60.94,Zone_C,82.79,4,6,1,330.16,471.85,500.61,434.2066666666667,2886.7579,162.3149,0,0.1840198091556951,449.52,0
449.52,15.0,3.81,76.34,0,2025-01-05 05:00:00,0,128712,70.32,Zone_D,75.2,5,6,1,449.52,330.16,471.85,417.1766666666667,1145.1000000000001,57.15,0,0.15608630027523748,458.87,1
458.87,42.53,9.62,62.18,0,2025-01-05 06:00:00,0,129082,54.94,Zone_C,89.53,6,6,1,458.87,449.52,330.16,412.84999999999997,2644.5154,409.1386,0,0.11946854545849914,403.73,0
403.73,29.16,0.76,69.49,0,2025-01-05 07:00:00,1,56805,59.38,Zone_D,79.81,7,6,1,403.73,458.87,449.52,437.3733333333333,2026.3283999999999,22.1616,0,0.1467150940132928,480.65,1
480.65,36.65,8.7,72.71,1,2025-01-05 08:00:00,0,132324,58.92,Zone_C,67.75,8,6,1,480.65,403.73,458.87,447.75,2664.8214999999996,318.85499999999996,0,0.12232949236997821,548.49,1
548.49,23.76,6.92,89.83,0,2025-01-05 09:00:00,0,144884,53.71,Zone_C,82.03,9,6,1,548.49,480.65,403.73,477.6233333333334,2134.3608,164.41920000000002,0,0.09774518189593988,726.34,0
726.34,33.68,2.94,67.28,0,2025-01-05 10:00:00,0,112028,87.12,Zone_D,92.85,10,6,1,726.34,548.49,480.65,585.16,2265.9904,99.0192,0,0.11977892044985838,520.95,0
520.95,23.68,8.45,60.93,1,2025-01-05 11:00:00,0,100772,73.3,Zone_D,81.9,11,6,1,520.95,726.34,548.49,598.5933333333334,1442.8224,200.09599999999998,0,0.1404349075581952,530.91,0
530.91,26.26,5.94,74.7,0,2025-01-05 12:00:00,1,102104,69.51,Zone_C,98.9,12,6,1,530.91,520.95,726.34,592.7333333333333,1961.6220000000003,155.98440000000002,0,0.13068000225602078,491.07,0
491.07,41.48,22.01,73.12,0,2025-01-05 13:00:00,0,123616,79.55,Zone_D,88.43,13,6,1,491.07,530.91,520.95,514.3100000000001,3033.0176,912.9748,0,0.1616639908956043,269.75,0
269.75,28.86,4.86,80.22,0,2025-01-05 14:00:00,0,139300,60.24,Zone_C,87.71,14,6,1,269.75,491.07,530.91,430.57666666666665,2315.1492,140.2596,0,0.22249307479224378,496.82,0
496.82,31.3,2.04,77.38,0,2025-01-05 15:00:00,0,56630,51.06,Zone_B,83.97,15,6,1,496.82,269.75,491.07,419.2133333333333,2421.9939999999997,63.852000000000004,0,0.10256719296131132,507.23,0
507.23,35.22,8.77,68.58,1,2025-01-05 16:00:00,0,148869,54.15,Zone_A,84.45,16,6,1,507.23,496.82,269.75,424.6000000000001,2415.3876,308.8794,0,0.10654624874564665,795.59,0
795.59,32.97,4.3,62.39,1,2025-01-05 17:00:00,0,65701,65.03,Zone_A,82.89,17,6,1,795.59,507.23,496.82,599.88,2056.9982999999997,141.771,0,0.08163547119597284,476.92,0
476.92,30.9,5.83,78.4,0,2025-01-05 18:00:00,0,64859,45.93,Zone_C,82.58,18,6,1,476.92,795.59,507.23,593.2466666666668,2422.56,180.147,0,0.09610395045195848,536.19,0
536.19,32.19,1.35,66.57,1,2025-01-05 19:00:00,0,71183,56.0,Zone_A,89.25,19,6,1,536.19,476.92,795.59,602.9000000000001,2142.8882999999996,43.4565,0,0.10424616988402613,495.83,0
495.83,44.42,9.75,80.94,1,2025-01-05 20:00:00,0,90438,55.71,Zone_C,77.51,20,6,1,495.83,536.19,476.92,502.98,3595.3548,433.095,0,0.11213090996920476,359.76,1
359.76,29.65,3.65,79.84,0,2025-01-05 21:00:00,0,147285,100.0,Zone_D,76.39,21,6,1,359.76,495.83,536.19,463.9266666666667,2367.256,108.2225,0,0.277192593413904,637.14,1
637.14,31.21,7.39,69.39,1,2025-01-05 22:00:00,1,147423,15.07,Zone_B,76.01,22,6,1,637.14,359.76,495.83,497.57666666666665,2165.6619,230.6419,1,0.023615507568872034,590.23,1
590.23,36.3,26.11,65.07,0,2025-01-05 23:00:00,1,92244,61.77,Zone_A,100.0,23,6,1,590.23,637.14,359.76,529.0433333333334,2362.0409999999997,947.7929999999999,0,0.10447710704801853,594.92,0
594.92,36.63,4.6,68.95,1,2025-01-06 00:00:00,0,124312,96.06,Zone_A,89.24,0,0,1,594.92,590.23,637.14,607.43,2525.6385000000005,168.498,0,0.16119613370922273,390.87,0
390.87,37.12,10.85,67.39,1,2025-01-06 01:00:00,0,65021,67.19,Zone_D,87.44,1,0,1,390.87,594.92,590.23,525.34,2501.5168,402.75199999999995,0,0.17145992293362594,668.34,0
668.34,33.83,4.91,80.87,0,2025-01-06 02:00:00,0,119863,78.56,Zone_B,76.54,2,0,1,668.34,390.87,594.92,551.3766666666667,2735.8321,166.1053,0,0.11736934891086742,331.78,1
331.78,23.14,2.98,81.98,0,2025-01-06 03:00:00,0,105565,66.8,Zone_B,89.99,3,0,1,331.78,668.34,390.87,463.66333333333324,1897.0172000000002,68.9572,0,0.20073321714045317,570.42,0
570.42,39.8,16.27,61.31,0,2025-01-06 04:00:00,0,98043,52.99,Zone_B,84.07,4,0,1,570.42,331.78,668.34,523.5133333333333,2440.138,647.5459999999999,0,0.09273389100836514,762.85,0
762.85,23.12,0.44,95.63,0,2025-01-06 05:00:00,0,123150,24.65,Zone_D,86.71,5,0,1,762.85,570.42,331.78,555.0166666666667,2210.9656,10.1728,1,0.03227073378281076,381.14,0
381.14,31.82,13.14,73.94,1,2025-01-06 06:00:00,1,114361,68.7,Zone_A,77.19,6,0,1,381.14,762.85,570.42,571.4699999999999,2352.7708,418.1148,0,0.17977704506201916,432.04,1
432.04,25.47,0.35,84.77,1,2025-01-06 07:00:00,1,51245,51.04,Zone_A,86.28,7,0,1,432.04,381.14,762.85,525.3433333333334,2159.0919,8.914499999999999,0,0.11786440051727322,511.96,0
511.96,29.62,12.1,70.44,0,2025-01-06 08:00:00,0,91011,50.59,Zone_B,81.61,8,0,1,511.96,432.04,381.14,441.7133333333333,2086.4328,358.402,0,0.09862367436057393,439.58,0
439.58,31.97,5.91,76.33,0,2025-01-06 09:00:00,0,60355,56.02,Zone_D,78.88,9,0,1,439.58,511.96,432.04,461.1933333333333,2440.2700999999997,188.9427,0,0.12715057424304327,313.92,1
313.92,31.93,2.05,75.95,0,2025-01-06 10:00:00,0,148841,96.41,Zone_D,90.87,10,0,1,313.92,439.58,511.96,421.82,2425.0835,65.45649999999999,0,0.3061412422202464,508.23,0
508.23,32.53,3.9,57.86,0,2025-01-06 11:00:00,0,98692,100.0,Zone_D,72.7,11,0,1,508.23,313.92,439.58,420.57666666666665,1882.1858,126.867,0,0.1963749189953459,372.52,1
372.52,39.68,10.38,83.38,0,2025-01-06 12:00:00,0,99004,68.91,Zone_B,89.52,12,0,1,372.52,508.23,313.92,398.22333333333336,3308.5184,411.87840000000006,0,0.184488113086314,556.83,0
556.83,32.72,24.34,83.15,0,2025-01-06 13:00:00,0,79714,56.63,Zone_D,90.48,13,0,1,556.83,372.52,508.23,479.1933333333333,2720.668,796.4048,0,0.1015183837369808,389.67,0
389.67,28.54,0.81,72.99,1,2025-01-06 14:00:00,1,67198,43.81,Zone_B,77.96,14,0,1,389.67,556.83,372.52,439.67333333333335,2083.1346,23.1174,0,0.11214068139350347,685.99,1
685.99,35.78,2.2,61.55,0,2025-01-06 15:00:00,0,116951,73.43,Zone_B,78.44,15,0,1,685.99,389.67,556.83,544.1633333333333,2202.259,78.71600000000001,0,0.10688656312318957,406.01,1
406.01,37.14,1.19,72.07,0,2025-01-06 16:00:00,0,51652,97.09,Zone_B,83.22,16,0,1,406.01,685.99,389.67,493.88999999999993,2676.6798,44.1966,0,0.2385445075059581,461.35,0
461.35,22.63,4.87,81.59,1,2025-01-06 17:00:00,0,93625,60.55,Zone_C,87.26,17,0,1,461.35,406.01,685.99,517.7833333333333,1846.3817,110.2081,0,0.13096139288417863,597.62,0
597.62,33.58,12.36,74.98,0,2025-01-06 18:00:00,0,135982,22.18,Zone_B,83.78,18,0,1,597.62,461.35,406.01,488.32666666666665,2517.8284,415.04879999999997,1,0.03705188600447696,352.3,0
352.3,34.21,0.98,73.17,1,2025-01-06 19:00:00,0,68740,77.06,Zone_D,88.47,19,0,1,352.3,597.62,461.35,470.42333333333335,2503.1457,33.5258,0,0.21811491650155676,527.3,0
527.3,28.21,5.77,80.48,1,2025-01-06 20:00:00,1,53810,82.74,Zone_C,99.1,20,0,1,527.3,352.3,597.62,492.4066666666666,2270.3408000000004,162.77169999999998,0,0.15661555934128338,656.86,0
656.86,38.25,12.05,79.98,0,2025-01-06 21:00:00,0,66569,36.45,Zone_A,80.94,21,0,1,656.86,527.3,352.3,512.1533333333333,3059.235,460.9125,0,0.05540692548566565,307.1,0
307.1,29.1,3.84,80.27,0,2025-01-06 22:00:00,0,149855,68.18,Zone_A,71.28,22,0,1,307.1,656.86,527.3,497.08666666666664,2335.857,111.744,0,0.22129178838039598,522.16,1
522.16,30.75,6.98,66.0,0,2025-01-06 23:00:00,0,129120,73.12,Zone_D,91.61,23,0,1,522.16,307.1,656.86,495.3733333333333,2029.5,214.63500000000002,0,0.1397660371588042,531.19,0
531.19,28.96,15.38,86.73,0,2025-01-07 00:00:00,0,76783,63.68,Zone_D,98.47,0,1,1,531.19,522.16,307.1,453.48333333333335,2511.7008,445.4048,0,0.11965651365113962,593.82,0
593.82,30.09,1.75,88.05,0,2025-01-07 01:00:00,0,149065,50.77,Zone_D,88.14,1,1,1,593.82,531.19,522.16,549.0566666666667,2649.4245,52.6575,0,0.08535355233516022,351.57,0
351.57,23.42,0.54,100.0,0,2025-01-07 02:00:00,0,128047,83.29,Zone_D,76.3,2,1,1,351.57,593.82,531.19,492.1933333333334,2342.0,12.646800000000002,0,0.23623677567575235,341.55,1
341.55,21.36,7.74,72.92,0,2025-01-07 03:00:00,0,59471,57.74,Zone_C,84.01,3,1,1,341.55,351.57,593.82,428.98,1557.5712,165.3264,0,0.1685593344037367,562.63,0
562.63,39.57,7.92,69.29,0,2025-01-07 04:00:00,0,56163,38.27,Zone_D,76.05,4,1,1,562.63,341.55,351.57,418.5833333333333,2741.8053000000004,313.3944,0,0.06789915370012242,535.64,1
535.64,24.92,3.58,62.41,0,2025-01-07 05:00:00,0,113087,28.11,Zone_B,90.14,5,1,1,535.64,562.63,341.55,479.94000000000005,1555.2572,89.21360000000001,1,0.05238148479427549,530.06,0
530.06,24.05,2.89,84.18,1,2025-01-07 06:00:00,0,112071,87.7,Zone_A,74.19,6,1,1,530.06,535.64,562.63,542.7766666666666,2024.5290000000002,69.50450000000001,0,0.16514141528264228,541.57,1
541.57,17.08,6.02,80.95,0,2025-01-07 07:00:00,0,66065,76.1,Zone_D,82.6,7,1,1,541.57,530.06,535.64,535.7566666666667,1382.626,102.82159999999999,0,0.1402583998378089,418.4,0
418.4,26.17,1.71,93.45,0,2025-01-07 08:00:00,0,133456,66.58,Zone_B,76.97,8,1,1,418.4,541.57,530.06,496.67666666666673,2445.5865000000003,44.7507,0,0.1587505960896519,527.87,1
527.87,22.06,1.71,75.15,0,2025-01-07 09:00:00,0,98348,57.08,Zone_D,86.01,9,1,1,527.87,418.4,541.57,495.9466666666667,1657.809,37.7226,0,0.10792822432733942,535.17,0
535.17,39.85,10.33,53.6,1,2025-01-07 10:00:00,0,69154,55.48,Zone_B,82.07,10,1,1,535.17,527.87,418.4,493.81333333333333,2135.96,411.6505,0,0.10347464423596994,414.28,0
414.28,36.06,1.57,66.38,0,2025-01-07 11:00:00,0,70229,45.64,Zone_C,86.41,11,1,1,414.28,535.17,527.87,492.4399999999999,2393.6628,56.614200000000004,0,0.10990175303409748,723.89,0
723.89,25.87,0.6,62.5,1,2025-01-07 12:00:00,0,102587,57.23,Zone_A,85.18,12,1,1,723.89,414.28,535.17,557.78,1616.875,15.522,0,0.07894990964146284,556.86,0
556.86,43.51,2.89,70.2,1,2025-01-07 13:00:00,0,99713,26.84,Zone_A,77.11,13,1,1,556.86,723.89,414.28,565.0100000000001,3054.402,125.7439,1,0.048112429641845623,357.04,1
357.04,35.89,3.67,53.77,0,2025-01-07 14:00:00,0,76997,51.75,Zone_C,90.02,14,1,1,357.04,556.86,723.89,545.93,1929.8053000000002,131.7163,0,0.14453692324879902,578.79,0
578.79,28.05,8.7,76.79,1,2025-01-07 15:00:00,0,71101,59.4,Zone_B,84.61,15,1,1,578.79,357.04,556.86,497.56333333333333,2153.9595000000004,244.035,0,0.102450887390262,383.04,0
383.04,15.0,3.16,70.37,0,2025-01-07 16:00:00,0,90391,75.98,Zone_D,77.09,16,1,1,383.04,578.79,357.04,439.6233333333334,1055.5500000000002,47.400000000000006,0,0.19784397458598063,594.45,1
594.45,43.75,17.38,61.44,0,2025-01-07 17:00:00,0,125863,64.28,Zone_B,100.0,17,1,1,594.45,383.04,578.79,518.7600000000001,2688.0,760.375,0,0.10795196909900075,639.03,0
639.03,21.66,6.31,94.82,0,2025-01-07 18:00:00,0,122723,79.31,Zone_A,88.81,18,1,1,639.03,594.45,383.04,538.84,2053.8012,136.6746,0,0.1239160664343859,401.52,0
401.52,20.13,2.47,85.78,0,2025-01-07 19:00:00,0,145221,89.28,Zone_C,83.77,19,1,1,401.52,639.03,594.45,545.0000000000001,1726.7513999999999,49.7211,0,0.22180264334691446,615.61,0
615.61,36.14,8.4,63.18,0,2025-01-07 20:00:00,0,109405,84.05,Zone_C,96.32,20,1,1,615.61,401.52,639.03,552.0533333333334,2283.3252,303.576,0,0.13630982306482217,549.53,0
549.53,44.64,17.15,63.04,1,2025-01-07 21:00:00,0,84948,73.47,Zone_B,99.73,21,1,1,549.53,615.61,401.52,522.2200000000001,2814.1056,765.5759999999999,0,0.13345321780829383,598.65,0
598.65,38.31,10.1,68.5,0,2025-01-07 22:00:00,1,103031,65.21,Zone_B,83.84,22,1,1,598.65,549.53,615.61,587.9300000000001,2624.235,386.931,0,0.10874676894855331,727.62,0
727.62,33.38,0.9,76.07,0,2025-01-07 23:00:00,0,87921,47.35,Zone_C,87.78,23,1,1,727.62,598.65,549.53,625.2666666666668,2539.2165999999997,30.042,0,0.06498586368751887,470.55,0
470.55,33.57,4.0,61.21,0,2025-01-08 00:00:00,0,122571,78.32,Zone_A,77.1,0,2,1,470.55,727.62,598.65,598.94,2054.8197,134.28,0,0.1660905524334641,409.55,1
409.55,35.12,7.29,75.64,0,2025-01-08 01:00:00,0,127007,95.24,Zone_D,83.82,1,2,1,409.55,470.55,727.62,535.9066666666668,2656.4768,256.02479999999997,0,0.2319814882474729,393.26,0
393.26,34.55,9.76,49.72,1,2025-01-08 02:00:00,0,78460,71.16,Zone_D,83.41,2,2,1,393.26,409.55,470.55,424.4533333333334,1717.8259999999998,337.20799999999997,0,0.180490031958606,402.1,0
402.1,31.69,4.9,68.61,0,2025-01-08 03:00:00,0,71071,99.51,Zone_B,86.48,3,2,1,402.1,393.26,409.55,401.63666666666677,2174.2509,155.281,0,0.2468618208881171,490.75,0
490.75,30.63,4.27,70.59,0,2025-01-08 04:00:00,0,116118,37.54,Zone_C,87.66,4,2,1,490.75,402.1,393.26,428.7033333333334,2162.1717,130.7901,0,0.07633960345704117,540.94,0
540.94,29.62,21.89,80.37,0,2025-01-08 05:00:00,1,98282,44.23,Zone_C,89.48,5,2,1,540.94,490.75,402.1,477.9300000000001,2380.5594,648.3818,0,0.08161420083404065,533.2,0
533.2,25.48,10.22,78.8,0,2025-01-08 06:00:00,1,141725,80.39,Zone_C,86.9,6,2,1,533.2,540.94,490.75,521.6300000000001,2007.824,260.4056,0,0.1504867090977162,599.26,0
599.26,28.32,8.42,65.1,0,2025-01-08 07:00:00,0,108445,69.76,Zone_A,75.31,7,2,1,599.26,533.2,540.94,557.8000000000002,1843.6319999999998,238.4544,0,0.11621630626728419,501.56,1
501.56,19.84,3.31,75.25,1,2025-01-08 08:00:00,0,131067,88.65,Zone_B,77.49,8,2,1,501.56,599.26,533.2,544.6733333333335,1492.96,65.6704,0,0.17639684813753584,674.42,1
674.42,29.41,1.68,77.06,0,2025-01-08 09:00:00,0,132208,64.72,Zone_B,80.63,9,2,1,674.42,501.56,599.26,591.7466666666667,2266.3346,49.4088,0,0.09582185899144237,468.24,0
468.24,24.07,8.54,79.11,1,2025-01-08 10:00:00,0,104816,49.38,Zone_B,82.74,10,2,1,468.24,674.42,501.56,548.0733333333334,1904.1777,205.5578,0,0.10523399539681187,826.42,0
826.42,23.38,11.13,75.66,0,2025-01-08 11:00:00,0,135779,61.16,Zone_A,93.41,11,2,1,826.42,468.24,674.42,656.36,1768.9307999999999,260.2194,0,0.07391651156607285,575.08,0
575.08,31.08,5.8,70.29,0,2025-01-08 12:00:00,0,53060,37.41,Zone_B,75.7,12,2,1,575.08,826.42,468.24,623.2466666666668,2184.6132000000002,180.26399999999998,0,0.06493889737536453,397.14,1
397.14,38.35,10.24,73.89,0,2025-01-08 13:00:00,0,63731,44.69,Zone_D,82.14,13,2,1,397.14,575.08,826.42,599.5466666666667,2833.6815,392.704,0,0.11224694830963983,371.49,0
371.49,35.51,10.45,66.45,1,2025-01-08 14:00:00,0,127830,82.5,Zone_B,92.62,14,2,1,371.49,397.14,575.08,447.9033333333334,2359.6394999999998,371.07949999999994,0,0.2214824559048565,557.9,0
557.9,20.58,11.73,81.83,1,2025-01-08 15:00:00,0,70719,80.71,Zone_B,82.6,15,2,1,557.9,371.49,397.14,442.17666666666673,1684.0613999999998,241.40339999999998,0,0.14440865986759707,473.18,0
473.18,24.06,0.88,97.11,0,2025-01-08 16:00:00,1,97042,71.53,Zone_B,88.68,16,2,1,473.18,557.9,371.49,467.52333333333337,2336.4665999999997,21.1728,0,0.15084988822809903,585.68,0
585.68,35.64,4.11,59.09,1,2025-01-08 17:00:00,0,99116,34.02,Zone_A,83.88,17,2,1,585.68,473.18,557.9,538.9200000000001,2105.9676,146.4804,0,0.057987318470034785,556.79,0
556.79,24.11,8.98,64.9,1,2025-01-08 18:00:00,0,76325,58.55,Zone_D,87.05,18,2,1,556.79,585.68,473.18,538.5500000000001,1564.739,216.5078,0,0.10496781943025153,491.26,0
491.26,28.65,6.11,82.35,0,2025-01-08 19:00:00,0,72597,42.95,Zone_D,83.17,19,2,1,491.26,556.79,585.68,544.5766666666667,2359.3275,175.0515,0,0.08725063990574088,398.38,0
398.38,33.3,10.48,66.93,0,2025-01-08 20:00:00,0,117439,86.18,Zone_C,90.34,20,2,1,398.38,491.26,556.79,482.14333333333343,2228.7690000000002,348.984,0,0.2157844659221794,318.22,0
318.22,24.19,8.42,77.1,0,2025-01-08 21:00:00,0,64551,54.49,Zone_C,72.64,21,2,1,318.22,398.38,491.26,402.62000000000006,1865.049,203.6798,0,0.170697324729027,446.42,1
446.42,30.63,0.22,68.24,0,2025-01-08 22:00:00,0,143287,45.46,Zone_D,82.09,22,2,1,446.42,318.22,398.38,387.6733333333334,2090.1911999999998,6.7386,0,0.10160475615752537,602.77,0
602.77,22.0,13.99,79.32,1,2025-01-08 23:00:00,0,74278,65.54,Zone_B,87.37,23,2,1,602.77,446.42,318.22,455.80333333333346,1745.04,307.78000000000003,0,0.10855126952316281,525.69,0
525.69,26.39,3.61,90.67,1,2025-01-09 00:00:00,0,141189,53.48,Zone_B,89.27,0,3,1,525.69,602.77,446.42,524.96,2392.7813,95.2679,0,0.10153980519850385,350.51,0
350.51,31.92,2.3,79.88,0,2025-01-09 01:00:00,0,65141,91.71,Zone_B,96.94,1,3,1,350.51,525.69,602.77,492.99000000000007,2549.7696,73.416,0,0.2609029615089187,520.78,0
520.78,20.44,13.63,89.54,0,2025-01-09 02:00:00,0,117913,51.77,Zone_A,81.87,2,3,1,520.78,350.51,525.69,465.66,1830.1976000000002,278.59720000000004,0,0.09921806125186862,546.24,0
546.24,32.64,9.84,61.56,0,2025-01-09 03:00:00,0,83615,39.81,Zone_B,96.84,3,3,1,546.24,520.78,350.51,472.51000000000005,2009.3184,321.1776,0,0.07274687522841898,393.94,0
393.94,29.88,15.13,65.89,1,2025-01-09 04:00:00,0,112751,26.25,Zone_A,79.73,4,3,1,393.94,546.24,520.78,486.9866666666667,1968.7931999999998,452.0844,1,0.06646579227224389,518.45,1
518.45,33.31,7.36,49.64,1,2025-01-09 05:00:00,0,77452,64.45,Zone_D,95.63,5,3,1,518.45,393.94,546.24,486.21000000000004,1653.5084000000002,245.16160000000002,0,0.12407353932043506,506.99,0
506.99,31.34,4.06,67.45,1,2025-01-09 06:00:00,0,72725,54.89,Zone_B,91.54,6,3,1,506.99,518.45,393.94,473.1266666666667,2113.8830000000003,127.2404,0,0.10805330813598693,362.84,0
362.84,38.18,6.64,76.11,1,2025-01-09 07:00:00,0,100391,39.28,Zone_B,77.69,7,3,1,362.84,506.99,518.45,462.76,2905.8798,253.5152,0,0.10795954265611259,542.93,1
542.93,30.75,1.85,78.53,0,2025-01-09 08:00:00,1,125060,86.41,Zone_C,87.46,8,3,1,542.93,362.84,506.99,470.92,2414.7975,56.8875,0,0.15886235361167797,567.29,0
567.29,27.42,1.15,75.29,0,2025-01-09 09:00:00,0,61698,77.01,Zone_D,84.59,9,3,1,567.29,542.93,362.84,491.02,2064.4518000000003,31.533,0,0.1355117985535554,629.97,0
629.97,30.73,3.05,74.23,0,2025-01-09 10:00:00,0,136711,64.49,Zone_B,90.0,10,3,1,629.97,567.29,542.93,580.0633333333334,2281.0879,93.7265,0,0.10220771193559122,626.46,0
626.46,33.26,18.66,66.88,1,2025-01-09 11:00:00,0,127850,89.56,Zone_A,83.21,11,3,1,626.46,629.97,567.29,607.9066666666666,2224.4287999999997,620.6315999999999,0,0.14273419819590094,334.68,0
334.68,30.29,3.39,76.4,0,2025-01-09 12:00:00,0,52365,76.93,Zone_D,82.54,12,3,1,334.68,626.46,629.97,530.37,2314.156,102.6831,0,0.22917659675881794,387.46,0
387.46,30.24,0.62,80.93,0,2025-01-09 13:00:00,0,147553,50.19,Zone_C,95.95,13,3,1,387.46,334.68,626.46,449.5333333333333,2447.3232000000003,18.7488,0,0.129202491891057,561.8,0
561.8,25.79,5.03,65.44,0,2025-01-09 14:00:00,1,147662,46.29,Zone_D,84.21,14,3,1,561.8,387.46,334.68,427.98,1687.6976,129.7237,0,0.0822494669509595,561.65,0
561.65,26.02,3.35,80.58,1,2025-01-09 15:00:00,0,93372,79.72,Zone_A,91.61,15,3,1,561.65,561.8,387.46,503.6366666666666,2096.6916,87.167,0,0.1416866613347552,561.81,0
561.81,21.58,14.19,89.19,0,2025-01-09 16:00:00,0,94134,72.13,Zone_C,83.2,16,3,1,561.81,561.65,561.8,561.7533333333332,1924.7201999999997,306.2202,0,0.1281604804463318,900.0,0
900.0,40.5,17.67,63.28,0,2025-01-09 17:00:00,0,87823,68.06,Zone_A,98.33,17,3,1,900.0,561.81,561.65,674.4866666666667,2562.84,715.6350000000001,0,0.07553829078801332,568.51,0
568.51,22.54,3.87,86.58,0,2025-01-09 18:00:00,0,121158,49.76,Zone_D,79.57,18,3,1,568.51,900.0,561.81,676.7733333333333,1951.5131999999999,87.2298,0,0.08737335604291409,636.27,1
636.27,25.84,7.35,100.0,1,2025-01-09 19:00:00,1,146076,75.94,Zone_C,80.09,19,3,1,636.27,568.51,900.0,701.5933333333332,2584.0,189.92399999999998,0,0.11916456133193153,614.48,0
614.48,25.69,7.89,77.61,1,2025-01-09 20:00:00,0,51949,51.4,Zone_A,97.2,20,3,1,614.48,636.27,568.51,606.42,1993.8009000000002,202.6941,0,0.08351205563137713,578.17,0
578.17,35.37,5.57,73.85,0,2025-01-09 21:00:00,0,99396,63.16,Zone_D,81.44,21,3,1,578.17,614.48,636.27,609.64,2612.0744999999997,197.0109,0,0.1090526097691524,462.17,0
462.17,28.23,4.68,70.51,1,2025-01-09 22:00:00,0,81912,91.04,Zone_A,97.81,22,3,1,462.17,578.17,614.48,551.6066666666667,1990.4973000000002,132.1164,0,0.19655849903922967,591.08,0
591.08,37.49,2.13,70.46,0,2025-01-09 23:00:00,0,106947,53.1,Zone_B,92.13,23,3,1,591.08,462.17,578.17,543.8066666666667,2641.5454,79.8537,0,0.08968382650993109,407.26,0
407.26,25.96,0.46,81.91,0,2025-01-10 00:00:00,0,147697,36.69,Zone_D,83.76,0,4,1,407.26,591.08,462.17,486.83666666666664,2126.3836,11.941600000000001,0,0.08986920099936314,471.58,0
471.58,31.67,2.12,75.22,1,2025-01-10 01:00:00,0,94387,46.05,Zone_C,70.49,1,4,1,471.58,407.26,591.08,489.97333333333336,2382.2174,67.14040000000001,0,0.09744381903593043,441.76,1
441.76,24.99,5.39,70.85,0,2025-01-10 02:00:00,0,113965,82.9,Zone_C,84.85,2,4,1,441.76,471.58,407.26,440.2,1770.5414999999998,134.69609999999997,0,0.18723461920679377,509.82,0
509.82,42.87,0.98,66.35,1,2025-01-10 03:00:00,0,66508,69.59,Zone_B,85.81,3,4,1,509.82,441.76,471.58,474.3866666666666,2844.4244999999996,42.0126,0,0.13623194080106496,777.76,0
777.76,22.87,7.03,92.4,1,2025-01-10 04:00:00,0,95592,62.68,Zone_A,94.34,4,4,1,777.76,509.82,441.76,576.4466666666667,2113.188,160.7761,0,0.08048692793671991,275.93,0
275.93,31.86,6.22,77.1,0,2025-01-10 05:00:00,0,51919,55.84,Zone_A,97.71,5,4,1,275.93,777.76,509.82,521.17,2456.406,198.1692,0,0.20163940345935796,582.35,0
582.35,33.8,3.35,79.65,0,2025-01-10 06:00:00,0,92595,73.74,Zone_C,79.52,6,4,1,582.35,275.93,777.76,545.3466666666667,2692.17,113.22999999999999,0,0.12640781691951658,306.47,1
306.47,32.48,4.49,71.12,0,2025-01-10 07:00:00,0,59617,49.72,Zone_A,91.41,7,4,1,306.47,582.35,275.93,388.25,2309.9775999999997,145.8352,0,0.16170683318697757,443.37,0
443.37,28.89,1.25,81.89,0,2025-01-10 08:00:00,0,125268,70.5,Zone_D,91.12,8,4,1,443.37,306.47,582.35,444.06333333333333,2365.8021,36.1125,0,0.15865157413866823,630.67,0
630.67,29.22,11.56,77.86,0,2025-01-10 09:00:00,1,83298,51.84,Zone_D,93.59,9,4,1,630.67,443.37,306.47,460.1700000000001,2275.0692,337.7832,0,0.0820681685057071,507.71,0
507.71,30.26,11.4,67.18,1,2025-01-10 10:00:00,0,56929,48.84,Zone_C,88.99,10,4,1,507.71,630.67,443.37,527.25,2032.8668000000002,344.96400000000006,0,0.09600754850504217,370.67,0
370.67,29.12,1.57,78.25,0,2025-01-10 11:00:00,1,64456,53.53,Zone_D,69.46,11,4,1,370.67,507.71,630.67,503.0166666666667,2278.64,45.7184,0,0.14402561412005274,414.16,1
414.16,35.78,1.63,62.44,1,2025-01-10 12:00:00,1,136676,58.24,Zone_C,83.76,12,4,1,414.16,370.67,507.71,430.84666666666675,2234.1032,58.3214,0,0.14028326428364968,581.55,0
581.55,43.26,2.15,59.33,0,2025-01-10 13:00:00,0,133721,64.12,Zone_A,75.75,13,4,1,581.55,414.16,370.67,455.46000000000004,2566.6157999999996,93.00899999999999,0,0.11006780533859756,412.36,1
412.36,26.66,9.35,79.19,1,2025-01-10 14:00:00,0,87924,69.24,Zone_A,83.38,14,4,1,412.36,581.55,414.16,469.35666666666674,2111.2054,249.271,0,0.167505322237275,525.98,0
525.98,21.78,7.87,83.95,0,2025-01-10 15:00:00,0,74240,10.0,Zone_A,92.84,15,4,1,525.98,412.36,581.55,506.63000000000005,1828.4310000000003,171.4086,1,0.018976052222095714,505.47,0
505.47,29.47,13.51,65.91,0,2025-01-10 16:00:00,0,137381,50.46,Zone_B,87.44,16,4,1,505.47,525.98,412.36,481.27000000000004,1942.3676999999998,398.1397,0,0.09963077773609492,421.81,0
421.81,45.0,14.7,71.43,0,2025-01-10 17:00:00,0,59228,57.95,Zone_C,94.18,17,4,1,421.81,505.47,525.98,484.4200000000001,3214.3500000000004,661.5,0,0.13705919916747475,757.27,0
757.27,25.18,0.86,83.43,0,2025-01-10 18:00:00,0,71686,92.09,Zone_D,87.73,18,4,1,757.27,421.81,505.47,561.5166666666668,2100.7674,21.654799999999998,0,0.12144750550595435,576.07,0
576.07,39.83,9.07,61.49,1,2025-01-10 19:00:00,0,61920,45.56,Zone_A,74.61,19,4,1,576.07,757.27,421.81,585.0500000000001,2449.1467,361.2581,0,0.0789505605905696,256.98,1
256.98,40.07,14.26,54.65,0,2025-01-10 20:00:00,0,57432,67.93,Zone_B,64.83,20,4,1,256.98,576.07,757.27,530.1066666666667,2189.8255,571.3982,0,0.2633149856578029,522.37,1
522.37,26.68,4.21,76.5,0,2025-01-10 21:00:00,0,113575,91.91,Zone_D,86.19,21,4,1,522.37,256.98,576.07,451.8066666666667,2041.02,112.3228,0,0.1756118998031985,420.59,0
420.59,33.41,5.71,68.7,0,2025-01-10 22:00:00,0,121725,41.37,Zone_D,83.29,22,4,1,420.59,522.37,256.98,399.98,2295.267,190.7711,0,0.0981285134846652,602.29,0
602.29,39.77,4.94,68.09,0,2025-01-10 23:00:00,0,143575,72.09,Zone_D,77.18,23,4,1,602.29,420.59,522.37,515.0833333333334,2707.9393000000005,196.46380000000002,0,0.1194947703426213,404.9,1
404.9,27.73,5.15,73.91,1,2025-01-11 00:00:00,0,83910,50.56,Zone_A,71.39,0,5,1,404.9,602.29,420.59,475.9266666666667,2049.5243,142.8095,0,0.12456270017245628,486.23,1
486.23,28.78,11.53,59.92,1,2025-01-11 01:00:00,0,80226,55.92,Zone_D,79.12,1,5,1,486.23,404.9,602.29,497.8066666666667,1724.4976000000001,331.8334,0,0.11477125792746752,560.6,1
560.6,26.51,21.3,74.69,1,2025-01-11 02:00:00,0,123150,50.54,Zone_C,83.44,2,5,1,560.6,486.23,404.9,483.91,1980.0319,564.663,0,0.08999287749287749,603.89,0
603.89,23.91,16.93,77.43,0,2025-01-11 03:00:00,1,109099,51.83,Zone_B,90.33,3,5,1,603.89,560.6,486.23,550.24,1851.3513000000003,404.7963,0,0.0856850005786176,355.96,0
355.96,26.1,3.52,83.19,0,2025-01-11 04:00:00,0,136760,100.0,Zone_D,86.51,4,5,1,355.96,603.89,560.6,506.8166666666668,2171.259,91.872,0,0.28014343343792025,459.86,0
459.86,22.66,7.38,75.29,1,2025-01-11 05:00:00,0,68013,80.2,Zone_D,97.86,5,5,1,459.86,355.96,603.89,473.2366666666667,1706.0714,167.2308,0,0.17402247971184306,443.01,0
443.01,30.2,2.54,88.27,0,2025-01-11 06:00:00,0,71446,84.83,Zone_C,76.72,6,5,1,443.01,459.86,355.96,419.61000000000007,2665.754,76.708,0,0.19105425553478525,421.6,1
421.6,25.38,2.84,63.4,1,2025-01-11 07:00:00,0,120375,73.86,Zone_D,92.05,7,5,1,421.6,443.01,459.86,441.49,1609.0919999999999,72.0792,0,0.17477520113582584,711.85,0
711.85,31.4,5.48,84.37,1,2025-01-11 08:00:00,0,112509,36.09,Zone_A,85.38,8,5,1,711.85,421.6,443.01,525.4866666666668,2649.218,172.072,0,0.05062776180122046,548.6,0
548.6,20.66,2.76,80.67,1,2025-01-11 09:00:00,1,145739,72.11,Zone_A,90.56,9,5,1,548.6,711.85,421.6,560.6833333333334,1666.6422,57.0216,0,0.13120451237263464,348.69,0
348.69,31.99,3.23,80.29,0,2025-01-11 10:00:00,0,50557,84.31,Zone_A,81.51,10,5,1,348.69,548.6,711.85,536.38,2568.4771,103.3277,0,0.2410992593439904,610.14,0
610.14,35.0,7.22,71.64,0,2025-01-11 11:00:00,1,80666,49.64,Zone_D,93.57,11,5,1,610.14,348.69,548.6,502.47666666666674,2507.4,252.7,0,0.0812252511699447,754.66,0
754.66,18.04,8.97,93.69,1,2025-01-11 12:00:00,0,87389,82.38,Zone_B,87.36,12,5,1,754.66,610.14,348.69,571.1633333333334,1690.1675999999998,161.8188,0,0.10901728290501018,623.9,0
623.9,32.24,8.77,70.11,0,2025-01-11 13:00:00,0,97700,77.68,Zone_B,79.56,13,5,1,623.9,754.66,610.14,662.9000000000001,2260.3464,282.7448,0,0.12430788926228198,317.68,1
317.68,37.37,8.84,60.32,0,2025-01-11 14:00:00,0,149143,98.34,Zone_D,84.9,14,5,1,317.68,623.9,754.66,565.4133333333334,2254.1584,330.3508,0,0.30858541483619933,441.89,0
441.89,22.74,1.38,92.17,0,2025-01-11 15:00:00,1,74578,57.48,Zone_B,83.08,15,5,1,441.89,317.68,623.9,461.15666666666675,2095.9458,31.381199999999996,0,0.12978391925760346,652.03,0
652.03,40.04,2.61,66.06,1,2025-01-11 16:00:00,0,124779,45.24,Zone_B,88.91,16,5,1,652.03,441.89,317.68,470.5333333333335,2645.0424,104.50439999999999,0,0.06927706230954168,415.08,0
415.08,32.51,6.04,74.76,1,2025-01-11 17:00:00,0,59596,58.49,Zone_D,75.56,17,5,1,415.08,652.03,441.89,503.00000000000006,2430.4476,196.3604,0,0.14057392809075178,553.26,1
553.26,25.77,13.76,88.26,0,2025-01-11 18:00:00,0,107500,90.84,Zone_A,84.77,18,5,1,553.26,415.08,652.03,540.1233333333334,2274.4602,354.5952,0,0.16389420127737886,592.96,0
592.96,29.67,30.18,67.01,0,2025-01-11 19:00:00,0,122534,32.09,Zone_D,88.16,19,5,1,592.96,553.26,415.08,520.4333333333335,1988.1867000000002,895.4406,0,0.05402720721934137,388.77,0
388.77,33.35,7.63,77.08,0,2025-01-11 20:00:00,0,60129,27.77,Zone_A,85.26,20,5,1,388.77,592.96,553.26,511.66333333333347,2570.618,254.4605,1,0.07124714575262335,492.86,0
492.86,30.46,10.66,69.92,1,2025-01-11 21:00:00,1,113394,66.61,Zone_A,95.78,21,5,1,492.86,388.77,592.96,491.5300000000002,2129.7632000000003,324.7036,0,0.13487628072733163,150.0,0
150.0,33.23,1.18,71.36,0,2025-01-11 22:00:00,0,116046,57.03,Zone_B,91.19,22,5,1,150.0,492.86,388.77,343.87666666666684,2371.2927999999997,39.2114,0,0.37768211920529804,377.07,0
377.07,24.48,10.43,80.0,0,2025-01-11 23:00:00,0,61596,65.14,Zone_B,84.94,23,5,1,377.07,150.0,492.86,339.97666666666686,1958.4,255.3264,0,0.17229613563625784,469.69,0
469.69,31.02,2.6,62.19,1,2025-01-12 00:00:00,0,115355,82.02,Zone_A,86.73,0,6,1,469.69,377.07,150.0,332.2533333333335,1929.1337999999998,80.652,0,0.17425481739573817,350.27,0
350.27,21.52,3.34,75.56,1,2025-01-12 01:00:00,0,62974,55.05,Zone_A,87.37,1,6,1,350.27,469.69,377.07,399.01000000000016,1626.0512,71.87679999999999,0,0.1567170552566402,695.89,0
695.89,29.33,11.82,86.34,1,2025-01-12 02:00:00,0,116673,31.29,Zone_B,88.23,2,6,1,695.89,350.27,469.69,505.2833333333335,2532.3522,346.68059999999997,0,0.04489948198424429,328.38,0
328.38,24.58,5.97,86.43,1,2025-01-12 03:00:00,0,143433,100.0,Zone_C,70.39,3,6,1,328.38,695.89,350.27,458.1800000000001,2124.4494,146.74259999999998,0,0.3036007043536341,447.19,1
447.19,25.59,0.39,78.03,0,2025-01-12 04:00:00,0,120202,47.05,Zone_A,82.59,4,6,1,447.19,328.38,695.89,490.48666666666685,1996.7877,9.9801,0,0.10497779959392221,515.69,0
515.69,37.42,3.55,71.01,0,2025-01-12 05:00:00,0,124442,45.94,Zone_A,73.12,5,6,1,515.69,447.19,328.38,430.42000000000024,2657.1942000000004,132.841,0,0.08891211364648047,672.95,1
672.95,36.55,17.62,67.41,1,2025-01-12 06:00:00,1,71818,84.87,Zone_A,95.23,6,6,1,672.95,515.69,447.19,545.2766666666669,2463.8354999999997,644.011,0,0.1259292232361451,327.7,0
327.7,33.65,4.45,82.93,1,2025-01-12 07:00:00,1,93246,58.08,Zone_B,84.51,7,6,1,327.7,672.95,515.69,505.4466666666669,2790.5945,149.7425,0,0.17669607544873744,639.58,0
639.58,23.45,4.45,78.64,1,2025-01-12 08:00:00,0,105598,63.86,Zone_D,83.45,8,6,1,639.58,327.7,672.95,546.7433333333335,1844.108,104.3525,0,0.0996909051172375,501.23,0
501.23,28.1,11.23,78.37,1,2025-01-12 09:00:00,0,52654,73.69,Zone_A,92.17,9,6,1,501.23,639.58,327.7,489.5033333333335,2202.197,315.56300000000005,0,0.14672560380702068,382.22,0
382.22,37.28,7.87,78.35,0,2025-01-12 10:00:00,1,83758,84.5,Zone_A,88.38,10,6,1,382.22,501.23,639.58,507.6766666666668,2920.888,293.3936,0,0.22049997390532852,555.45,0
555.45,30.85,4.22,68.1,0,2025-01-12 11:00:00,0,74204,59.0,Zone_A,75.97,11,6,1,555.45,382.22,501.23,479.6333333333335,2100.8849999999998,130.187,0,0.10602929283852996,523.89,1
523.89,43.92,3.11,76.34,1,2025-01-12 12:00:00,0,84928,92.36,Zone_D,84.43,12,6,1,523.89,555.45,382.22,487.1866666666668,3352.8528,136.5912,0,0.17596067747528055,427.97,0
427.97,32.36,40.65,60.87,0,2025-01-12 13:00:00,1,103609,26.56,Zone_D,82.32,13,6,1,427.97,523.89,555.45,502.4366666666668,1969.7531999999999,1315.434,1,0.06191575168426696,508.38,0
508.38,31.15,15.47,87.12,1,2025-01-12 14:00:00,0,80552,78.68,Zone_A,71.04,14,6,1,508.38,427.97,523.89,486.74666666666684,2713.788,481.8905,0,0.15446228748674862,453.76,1
453.76,28.15,8.84,73.5,1,2025-01-12 15:00:00,0,60336,49.89,Zone_A,79.48,15,6,1,453.76,508.38,427.97,463.3700000000002,2069.025,248.84599999999998,0,0.10970621866479022,513.62,1
513.62,30.8,9.32,72.42,1,2025-01-12 16:00:00,0,97037,89.7,Zone_C,83.53,16,6,1,513.62,453.76,508.38,491.92000000000013,2230.536,287.05600000000004,0,0.17430336947650693,579.46,0
579.46,29.09,5.18,60.61,0,2025-01-12 17:00:00,0,66206,67.56,Zone_D,84.08,17,6,1,579.46,513.62,453.76,515.6133333333336,1763.1449,150.68619999999999,0,0.11639044895427764,690.32,0
690.32,34.25,7.79,67.96,0,2025-01-12 18:00:00,0,84831,52.89,Zone_C,73.14,18,6,1,690.32,579.46,513.62,594.4666666666668,2327.6299999999997,266.8075,0,0.07650581496268008,351.46,1
351.46,35.74,4.68,62.09,0,2025-01-12 19:00:00,0,93563,76.93,Zone_A,94.21,19,6,1,351.46,690.32,579.46,540.4133333333335,2219.0966000000003,167.2632,0,0.21826590251376046,755.96,0
755.96,25.28,2.34,73.91,0,2025-01-12 20:00:00,0,68361,81.08,Zone_A,84.18,20,6,1,755.96,351.46,690.32,599.2466666666669,1868.4448,59.1552,0,0.10711266117099978,265.75,0
265.75,22.01,8.05,80.29,0,2025-01-12 21:00:00,0,91335,76.55,Zone_A,85.3,21,6,1,265.75,755.96,351.46,457.7233333333335,1767.1829000000002,177.18050000000002,0,0.2869728209934395,481.79,0
481.79,18.98,4.3,91.48,0,2025-01-12 22:00:00,0,124469,46.47,Zone_A,88.21,22,6,1,481.79,265.75,755.96,501.1666666666668,1736.2904,81.614,0,0.09625302926738333,570.6,0
570.6,33.05,8.41,74.22,0,2025-01-12 23:00:00,0,75816,56.29,Zone_B,78.7,23,6,1,570.6,481.79,265.75,439.38000000000017,2452.9709999999995,277.9505,0,0.09847795661301609,533.72,1
533.72,23.38,9.76,82.76,0,2025-01-13 00:00:00,0,65619,64.93,Zone_B,88.65,0,0,1,533.72,570.6,481.79,528.7033333333335,1934.9288000000001,228.1888,0,0.12142803710353083,425.28,0
425.28,17.08,8.78,76.57,0,2025-01-13 01:00:00,0,142479,64.26,Zone_B,82.06,1,0,1,425.28,533.72,570.6,509.86666666666684,1307.8155999999997,149.96239999999997,0,0.1507459885521254,475.03,0
475.03,32.33,2.12,66.09,0,2025-01-13 02:00:00,0,76819,78.5,Zone_C,77.83,2,0,1,475.03,425.28,533.72,478.01000000000016,2136.6897,68.5396,0,0.16490557317816104,440.84,1
440.84,44.96,3.86,77.42,0,2025-01-13 03:00:00,0,61741,28.73,Zone_D,89.59,3,0,1,440.84,475.03,425.28,447.0500000000001,3480.8032000000003,173.5456,1,0.06502353793228319,429.28,0
429.28,29.96,4.38,69.15,1,2025-01-13 04:00:00,0,58798,71.02,Zone_A,96.93,4,0,1,429.28,440.84,475.03,448.38333333333344,2071.7340000000004,131.2248,0,0.16505531281955935,601.95,0
601.95,35.03,12.85,84.22,0,2025-01-13 05:00:00,0,75143,59.78,Zone_D,90.8,5,0,1,601.95,429.28,440.84,490.6900000000001,2950.2266,450.1355,0,0.09914586615805622,542.84,0
542.84,30.49,12.33,72.66,0,2025-01-13 06:00:00,0,99695,49.91,Zone_B,92.38,6,0,1,542.84,601.95,429.28,524.6900000000002,2215.4033999999997,375.94169999999997,0,0.09177331568108266,416.85,0
416.85,29.41,2.78,75.49,0,2025-01-13 07:00:00,0,82747,51.64,Zone_A,80.83,7,0,1,416.85,542.84,601.95,520.5466666666669,2220.1609,81.7598,0,0.12358501854732559,607.95,0
607.95,35.51,1.33,79.15,1,2025-01-13 08:00:00,0,149187,61.14,Zone_A,72.22,8,0,1,607.95,416.85,542.84,522.5466666666669,2810.6165,47.2283,0,0.10040233188274898,536.88,1
536.88,28.26,31.2,86.57,0,2025-01-13 09:00:00,0,71182,10.0,Zone_C,96.92,9,0,1,536.88,607.95,416.85,520.5600000000003,2446.4682,881.712,1,0.018591507399419945,597.54,0
597.54,31.6,8.5,72.83,0,2025-01-13 10:00:00,0,59415,52.38,Zone_D,100.0,10,0,1,597.54,536.88,607.95,580.7900000000001,2301.428,268.6,0,0.08751294817388981,575.56,0
575.56,31.93,1.11,70.35,0,2025-01-13 11:00:00,1,61085,49.24,Zone_C,97.34,11,0,1,575.56,597.54,536.88,569.9933333333335,2246.2754999999997,35.4423,0,0.08540308033855974,400.52,0
400.52,25.99,3.28,77.76,0,2025-01-13 12:00:00,0,65008,74.59,Zone_B,82.31,12,0,1,400.52,575.56,597.54,524.5400000000001,2020.9824,85.24719999999999,0,0.1857690775054792,432.78,0
432.78,35.95,13.27,72.94,0,2025-01-13 13:00:00,0,137638,50.5,Zone_D,75.76,13,0,1,432.78,400.52,575.56,469.6200000000001,2622.193,477.0565,0,0.11641846097099913,589.68,1
589.68,28.95,25.94,82.97,0,2025-01-13 14:00:00,0,68452,61.13,Zone_B,76.47,14,0,1,589.68,432.78,400.52,474.3266666666668,2401.9815,750.963,0,0.10349089185345704,573.24,1
573.24,25.47,22.89,78.66,0,2025-01-13 15:00:00,0,114075,92.76,Zone_C,71.53,15,0,1,573.24,589.68,432.78,531.9000000000001,2003.4701999999997,583.0083,0,0.161535246586793,497.49,1
497.49,33.22,8.2,77.38,1,2025-01-13 16:00:00,1,58120,82.9,Zone_C,84.14,16,0,1,497.49,573.24,589.68,553.4700000000001,2570.5636,272.40399999999994,0,0.16630223274288353,514.08,0
514.08,24.61,5.85,92.42,1,2025-01-13 17:00:00,0,114385,81.24,Zone_A,97.85,17,0,1,514.08,497.49,573.24,528.2700000000002,2274.4562,143.96849999999998,0,0.15772307214413292,653.32,0
653.32,30.17,1.89,77.92,0,2025-01-13 18:00:00,0,123356,56.0,Zone_D,83.87,18,0,1,653.32,514.08,497.49,554.9633333333335,2350.8464000000004,57.021300000000004,0,0.08558503484533561,429.01,0
429.01,29.95,6.31,77.54,0,2025-01-13 19:00:00,0,68170,74.77,Zone_D,87.42,19,0,1,429.01,653.32,514.08,532.1366666666669,2322.3230000000003,188.9845,0,0.17387967721680891,565.65,0
565.65,36.52,2.21,57.64,1,2025-01-13 20:00:00,0,66259,60.79,Zone_A,96.0,20,0,1,565.65,429.01,653.32,549.3266666666668,2105.0128000000004,80.70920000000001,0,0.10727962587134916,475.74,0
475.74,32.85,3.9,51.68,0,2025-01-13 21:00:00,0,72099,61.47,Zone_D,81.77,21,0,1,475.74,565.65,429.01,490.1333333333335,1697.688,128.115,0,0.12893820531107103,473.88,0
473.88,29.85,11.81,78.23,0,2025-01-13 22:00:00,0,59649,72.37,Zone_B,100.0,22,0,1,473.88,475.74,565.65,505.09000000000015,2335.1655,352.5285,0,0.1523963948787062,631.85,0
631.85,34.91,4.66,70.32,0,2025-01-13 23:00:00,0,145791,54.25,Zone_B,100.0,23,0,1,631.85,473.88,475.74,527.1566666666669,2454.8711999999996,162.6806,0,0.08572331516157067,599.05,0
599.05,38.34,4.36,64.21,0,2025-01-14 00:00:00,0,109258,91.87,Zone_C,83.95,0,1,1,599.05,631.85,473.88,568.2600000000001,2461.8114,167.16240000000002,0,0.15310390800766605,597.62,0
597.62,33.35,5.57,74.27,1,2025-01-14 01:00:00,0,91037,62.12,Zone_B,80.38,1,1,1,597.62,599.05,631.85,609.5066666666668,2476.9045,185.75950000000003,0,0.10377200895392737,656.66,0
656.66,30.06,34.52,74.47,1,2025-01-14 02:00:00,0,61805,76.13,Zone_D,90.58,2,1,1,656.66,597.62,599.05,617.7766666666668,2238.5681999999997,1037.6712,0,0.11575890277651066,502.52,0
502.52,22.13,1.65,90.32,1,2025-01-14 03:00:00,0,93147,91.2,Zone_A,82.22,3,1,1,502.52,656.66,597.62,585.6000000000001,1998.7815999999998,36.5145,0,0.1811248808388942,581.83,0
581.83,23.61,7.48,80.8,0,2025-01-14 04:00:00,0,124280,83.57,Zone_C,75.75,4,1,1,581.83,502.52,656.66,580.3366666666667,1907.6879999999999,176.6028,0,0.14338657927697612,462.77,1
462.77,28.17,21.42,70.49,0,2025-01-14 05:00:00,0,96053,39.64,Zone_A,95.25,5,1,1,462.77,581.83,502.52,515.7066666666668,1985.7033,603.4014000000001,0,0.08547340276430128,538.9,0
538.9,26.34,5.55,85.85,0,2025-01-14 06:00:00,0,147841,73.01,Zone_C,94.73,6,1,1,538.9,462.77,581.83,527.8333333333335,2261.2889999999998,146.18699999999998,0,0.13522874606408597,484.38,0
484.38,28.88,15.25,74.16,0,2025-01-14 07:00:00,0,141393,80.31,Zone_C,86.24,7,1,1,484.38,538.9,462.77,495.35000000000014,2141.7408,440.41999999999996,0,0.1654579916766245,511.64,0
511.64,30.34,1.22,78.94,0,2025-01-14 08:00:00,1,126215,81.05,Zone_A,74.9,8,1,1,511.64,484.38,538.9,511.64000000000016,2395.0396,37.0148,0,0.15810315230961297,571.42,1
571.42,33.18,4.8,68.64,1,2025-01-14 09:00:00,0,145365,44.96,Zone_B,75.16,9,1,1,571.42,511.64,484.38,522.4800000000001,2277.4752,159.26399999999998,0,0.07854372663428952,401.81,1
401.81,29.58,2.49,70.14,1,2025-01-14 10:00:00,0,60985,53.17,Zone_B,85.86,10,1,1,401.81,571.42,511.64,494.95666666666676,2074.7412,73.6542,0,0.13199771604478538,751.09,0
751.09,32.92,5.5,73.34,0,2025-01-14 11:00:00,0,143823,82.9,Zone_B,81.0,11,1,1,751.09,401.81,571.42,574.7733333333334,2414.3528,181.06,0,0.11022616974032363,379.28,0
379.28,30.39,5.61,74.79,1,2025-01-14 12:00:00,0,62391,51.29,Zone_B,82.27,12,1,1,379.28,751.09,401.81,510.72666666666686,2272.8681,170.48790000000002,0,0.13487430314505103,354.3,0
354.3,18.15,6.15,88.32,1,2025-01-14 13:00:00,0,54861,59.61,Zone_A,93.18,13,1,1,354.3,379.28,751.09,494.8900000000001,1603.0079999999998,111.6225,0,0.1677737123557557,638.97,0
638.97,24.36,11.72,77.36,0,2025-01-14 14:00:00,0,113582,93.37,Zone_D,90.87,14,1,1,638.97,354.3,379.28,457.5166666666668,1884.4895999999999,285.49920000000003,0,0.14589746394362235,595.0,0
595.0,29.14,0.17,61.0,0,2025-01-14 15:00:00,0,101928,64.14,Zone_C,96.03,15,1,1,595.0,638.97,354.3,529.4233333333335,1777.54,4.9538,0,0.10761744966442953,574.89,0
574.89,22.74,3.13,77.34,0,2025-01-14 16:00:00,0,84364,51.92,Zone_A,77.08,16,1,1,574.89,595.0,638.97,602.9533333333335,1758.7115999999999,71.1762,0,0.09015610620083697,575.4,1
575.4,33.6,7.05,78.47,0,2025-01-14 17:00:00,0,132399,49.2,Zone_B,82.25,17,1,1,575.4,574.89,595.0,581.7633333333334,2636.592,236.88,0,0.08535739070090216,498.53,0
498.53,39.18,0.43,65.27,0,2025-01-14 18:00:00,0,147035,70.99,Zone_B,91.07,18,1,1,498.53,575.4,574.89,549.6066666666668,2557.2785999999996,16.8474,0,0.14211358677156527,392.33,0
392.33,37.31,9.86,67.18,1,2025-01-14 19:00:00,0,143330,41.0,Zone_A,88.58,19,1,1,392.33,498.53,575.4,488.7533333333334,2506.4858000000004,367.8766,0,0.10423817150992805,509.1,0
509.1,28.72,3.07,83.92,0,2025-01-14 20:00:00,0,92923,60.55,Zone_C,97.26,20,1,1,509.1,392.33,498.53,466.6533333333335,2410.1824,88.17039999999999,0,0.11870221525191138,418.74,0
418.74,38.94,4.89,62.15,0,2025-01-14 21:00:00,0,57919,71.0,Zone_A,88.36,21,1,1,418.74,509.1,392.33,440.05666666666684,2420.1209999999996,190.4166,0,0.1691523323962453,617.01,0
617.01,30.89,12.14,61.94,0,2025-01-14 22:00:00,0,105896,88.38,Zone_A,99.78,22,1,1,617.01,418.74,509.1,514.9500000000002,1913.3265999999999,375.00460000000004,0,0.14300739470235108,482.35,0
482.35,27.98,15.78,75.33,0,2025-01-14 23:00:00,0,135818,77.02,Zone_D,89.32,23,1,1,482.35,617.01,418.74,506.0333333333335,2107.7334,441.5244,0,0.1593462294403641,400.94,0
400.94,26.32,10.11,74.07,1,2025-01-15 00:00:00,0,97396,52.15,Zone_A,93.5,0,2,1,400.94,482.35,617.01,500.10000000000014,1949.5223999999998,266.0952,0,0.12974573319400906,461.43,0
461.43,28.19,1.59,68.72,1,2025-01-15 01:00:00,0,84840,86.21,Zone_D,82.41,1,2,1,461.43,400.94,482.35,448.2400000000002,1937.2168000000001,44.822100000000006,0,0.1864282161624462,549.55,0
549.55,27.67,9.7,75.46,0,2025-01-15 02:00:00,1,92255,59.61,Zone_C,85.11,2,2,1,549.55,461.43,400.94,470.64000000000016,2087.9782,268.399,0,0.10827354463718102,432.35,0
432.35,31.02,10.24,78.11,0,2025-01-15 03:00:00,0,121160,42.76,Zone_A,92.29,3,2,1,432.35,549.55,461.43,481.1100000000001,2422.9722,317.6448,0,0.09867312795661705,401.33,0
401.33,30.96,8.67,74.15,0,2025-01-15 04:00:00,1,149242,61.9,Zone_A,97.9,4,2,1,401.33,432.35,549.55,461.0766666666668,2295.684,268.4232,0,0.1538538016056471,529.24,0
529.24,30.02,17.76,77.44,0,2025-01-15 05:00:00,1,58176,90.89,Zone_B,90.83,5,2,1,529.24,401.33,432.35,454.30666666666684,2324.7488,533.1552,0,0.17141294508147253,529.4,0
529.4,32.62,6.3,87.41,0,2025-01-15 06:00:00,0,83529,67.97,Zone_A,84.33,6,2,1,529.4,529.24,401.33,486.6566666666668,2851.3142,205.50599999999997,0,0.12814856711915537,439.17,0
439.17,37.14,17.25,66.54,0,2025-01-15 07:00:00,0,106406,65.23,Zone_B,96.02,7,2,1,439.17,529.4,529.24,499.2700000000002,2471.2956000000004,640.665,0,0.14819274371265648,443.48,0
443.48,35.7,17.17,72.67,0,2025-01-15 08:00:00,0,62941,94.47,Zone_B,67.46,8,2,1,443.48,439.17,529.4,470.68333333333356,2594.3190000000004,612.9690000000002,0,0.21254049676025916,527.85,1
527.85,21.09,10.47,78.05,0,2025-01-15 09:00:00,0,51669,39.24,Zone_B,73.62,9,2,1,527.85,443.48,439.17,470.1666666666668,1646.0745,220.81230000000002,0,0.07419873310012291,326.23,1
326.23,15.0,7.59,80.23,0,2025-01-15 10:00:00,0,135782,41.86,Zone_C,90.45,10,2,1,326.23,527.85,443.48,432.52000000000015,1203.45,113.85,0,0.127922256516823,331.1,0
331.1,35.61,8.71,65.84,0,2025-01-15 11:00:00,0,94859,35.91,Zone_D,85.11,11,2,1,331.1,326.23,527.85,395.0600000000002,2344.5624000000003,310.16310000000004,0,0.10813008130081299,413.79,0
413.79,21.8,20.67,77.73,0,2025-01-15 12:00:00,0,105786,71.71,Zone_B,89.84,12,2,1,413.79,331.1,326.23,357.0400000000002,1694.5140000000001,450.60600000000005,0,0.17288266351647819,474.39,0
474.39,28.65,13.74,78.95,0,2025-01-15 13:00:00,1,101083,68.0,Zone_A,85.52,13,2,1,474.39,413.79,331.1,406.4266666666669,2261.9175,393.651,0,0.14304045099812784,537.31,0
537.31,22.98,1.85,99.41,0,2025-01-15 14:00:00,0,90076,92.77,Zone_A,89.57,14,2,1,537.31,474.39,413.79,475.1633333333336,2284.4418,42.513000000000005,0,0.1723356430309673,677.04,0
677.04,19.19,8.26,77.92,1,2025-01-15 15:00:00,0,70323,69.38,Zone_B,78.48,15,2,1,677.04,537.31,474.39,562.9133333333335,1495.2848000000001,158.5094,0,0.10232434664621556,602.92,1
602.92,33.25,2.35,69.07,1,2025-01-15 16:00:00,0,149430,57.73,Zone_B,89.56,16,2,1,602.92,677.04,537.31,605.7566666666668,2296.5775,78.1375,0,0.09559213140813352,480.81,0
480.81,34.55,2.97,70.85,0,2025-01-15 17:00:00,1,56021,65.03,Zone_A,92.96,17,2,1,480.81,602.92,677.04,586.9233333333335,2447.8674999999994,102.6135,0,0.1349702164753741,497.72,0
497.72,26.54,4.05,80.93,0,2025-01-15 18:00:00,0,89807,67.12,Zone_B,94.76,18,2,1,497.72,480.81,602.92,527.1500000000002,2147.8822,107.487,0,0.13458453641321783,379.7,0
379.7,15.0,1.06,89.11,0,2025-01-15 19:00:00,0,100355,34.91,Zone_D,100.0,19,2,1,379.7,497.72,480.81,452.7433333333335,1336.65,15.9,0,0.09169950091935906,497.78,0
497.78,26.72,2.18,87.89,0,2025-01-15 20:00:00,0,94732,100.0,Zone_D,86.95,20,2,1,497.78,379.7,497.72,458.40000000000026,2348.4208,58.2496,0,0.20048919363246323,465.36,0
465.36,32.35,18.49,53.71,0,2025-01-15 21:00:00,0,58711,74.36,Zone_C,87.19,21,2,1,465.36,497.78,379.7,447.6133333333335,1737.5185000000001,598.1514999999999,0,0.15944763701861223,538.73,0
538.73,21.13,2.95,63.0,1,2025-01-15 22:00:00,0,113079,68.78,Zone_B,72.81,22,2,1,538.73,465.36,497.78,500.6233333333335,1331.1899999999998,62.3335,0,0.1274340874140774,400.73,1
400.73,31.1,11.77,70.15,0,2025-01-15 23:00:00,0,57904,76.07,Zone_C,80.75,23,2,1,400.73,538.73,465.36,468.27333333333354,2181.6650000000004,366.047,0,0.18935603514798494,562.32,0
562.32,29.91,6.81,83.85,0,2025-01-16 00:00:00,0,114033,77.77,Zone_C,83.46,0,3,1,562.32,400.73,538.73,500.59333333333353,2507.9534999999996,203.6871,0,0.1380565220478591,683.93,0
683.93,33.48,9.36,59.69,0,2025-01-16 01:00:00,0,136478,62.47,Zone_C,93.4,1,3,1,683.93,562.32,400.73,548.9933333333335,1998.4211999999998,313.3727999999999,0,0.09120640065408145,486.95,0
486.95,30.72,9.69,50.36,0,2025-01-16 02:00:00,0,139787,53.64,Zone_B,80.11,2,3,1,486.95,683.93,562.32,577.7333333333335,1547.0592,297.67679999999996,0,0.10992929603442976,548.21,0
548.21,24.16,2.06,84.24,0,2025-01-16 03:00:00,1,105096,75.79,Zone_C,91.37,3,3,1,548.21,486.95,683.93,573.0300000000002,2035.2384,49.769600000000004,0,0.1379982156187979,582.82,0
582.82,37.18,11.72,71.21,1,2025-01-16 04:00:00,0,140594,71.94,Zone_D,84.99,4,3,1,582.82,548.21,486.95,539.3266666666668,2647.5878,435.74960000000004,0,0.12322291117125139,451.85,0
451.85,29.05,1.39,67.04,0,2025-01-16 05:00:00,1,53093,50.42,Zone_C,83.58,5,3,1,451.85,582.82,548.21,527.6266666666669,1947.5120000000002,40.3795,0,0.11133929557248537,526.89,0
526.89,29.84,2.82,67.25,1,2025-01-16 06:00:00,0,74918,90.54,Zone_D,86.99,6,3,1,526.89,451.85,582.82,520.5200000000001,2006.74,84.1488,0,0.17151300460323174,501.51,0
501.51,24.4,9.58,71.72,1,2025-01-16 07:00:00,0,122743,70.28,Zone_D,81.87,7,3,1,501.51,526.89,451.85,493.4166666666668,1749.9679999999998,233.75199999999998,0,0.1398579132753577,511.72,0
511.72,27.34,1.91,78.01,0,2025-01-16 08:00:00,0,112636,78.14,Zone_B,81.57,8,3,1,511.72,501.51,526.89,513.3733333333336,2132.7934,52.2194,0,0.1524028709627087,407.24,0
407.24,24.69,0.36,74.24,0,2025-01-16 09:00:00,0,108806,90.05,Zone_C,71.36,9,3,1,407.24,511.72,501.51,473.4900000000002,1832.9856,8.8884,0,0.22058103076621594,502.94,1
502.94,28.96,7.93,79.78,0,2025-01-16 10:00:00,0,59394,65.39,Zone_B,83.02,10,3,1,502.94,407.24,511.72,473.96666666666687,2310.4288,229.65279999999998,0,0.12975751081477954,559.76,0
559.76,40.27,0.81,43.95,0,2025-01-16 11:00:00,0,142510,70.71,Zone_D,81.16,11,3,1,559.76,502.94,407.24,489.9800000000002,1769.8665000000003,32.618700000000004,0,0.1260967258720308,674.14,0
674.14,21.77,10.32,74.73,0,2025-01-16 12:00:00,0,143708,79.58,Zone_A,80.87,12,3,1,674.14,559.76,502.94,578.9466666666668,1626.8721,224.6664,0,0.11787184880173002,615.11,0
615.11,20.32,4.35,73.74,1,2025-01-16 13:00:00,0,147819,51.95,Zone_C,88.33,13,3,1,615.11,674.14,559.76,616.3366666666668,1498.3968,88.392,0,0.084319358556102,758.38,0
758.38,38.83,7.84,65.89,0,2025-01-16 14:00:00,0,63280,65.97,Zone_B,90.27,14,3,1,758.38,615.11,674.14,682.5433333333335,2558.5087,304.42719999999997,0,0.0868735020674761,407.92,0
407.92,28.74,7.71,71.7,0,2025-01-16 15:00:00,0,86303,67.26,Zone_A,86.86,15,3,1,407.92,758.38,615.11,593.8033333333335,2060.658,221.5854,0,0.16448205027878315,604.68,0
604.68,25.99,10.95,84.59,1,2025-01-16 16:00:00,0,77453,47.79,Zone_C,92.96,16,3,1,604.68,407.92,758.38,590.3266666666668,2198.4941,284.59049999999996,0,0.07890305111610092,522.0,0
522.0,36.24,9.81,55.13,0,2025-01-16 17:00:00,0,110695,100.0,Zone_C,89.6,17,3,1,522.0,604.68,407.92,511.5333333333335,1997.9112000000002,355.5144,0,0.19120458891013384,762.78,0
762.78,26.37,1.89,78.27,1,2025-01-16 18:00:00,0,118449,39.67,Zone_B,82.64,18,3,1,762.78,522.0,604.68,629.8200000000002,2063.9799,49.8393,0,0.0519390400377072,403.0,0
403.0,40.96,4.61,70.7,0,2025-01-16 19:00:00,0,75765,41.63,Zone_A,81.3,19,3,1,403.0,762.78,522.0,562.5933333333336,2895.8720000000003,188.8256,0,0.10304455445544555,399.23,0
399.23,34.07,7.83,86.6,0,2025-01-16 20:00:00,0,52340,88.66,Zone_B,87.5,20,3,1,399.23,403.0,762.78,521.6700000000002,2950.462,266.7681,0,0.2215226244909177,428.07,0
428.07,27.07,17.48,73.49,1,2025-01-16 21:00:00,0,141715,77.84,Zone_C,89.59,21,3,1,428.07,399.23,403.0,410.1000000000002,1989.3743,473.1836,0,0.18141561982893234,245.13,0
245.13,42.94,9.88,67.24,0,2025-01-16 22:00:00,0,143409,46.53,Zone_C,96.18,22,3,1,245.13,428.07,399.23,357.47666666666686,2887.2855999999997,424.2472,0,0.1890464388737659,436.91,0
436.91,26.37,16.36,63.48,1,2025-01-16 23:00:00,0,88057,75.93,Zone_D,94.53,23,3,1,436.91,245.13,428.07,370.03666666666686,1673.9676,431.4132,0,0.17339179283414402,408.9,0
408.9,34.45,8.18,52.3,1,2025-01-17 00:00:00,0,50597,91.42,Zone_C,80.67,0,4,1,408.9,436.91,245.13,363.6466666666668,1801.7350000000001,281.801,0,0.22303000731885828,518.05,0
518.05,31.8,13.93,80.32,1,2025-01-17 01:00:00,0,107988,64.46,Zone_C,84.18,1,4,1,518.05,408.9,436.91,454.6200000000002,2554.176,442.974,0,0.1241884211540314,541.01,0
541.01,37.81,7.29,68.71,0,2025-01-17 02:00:00,0,144655,100.0,Zone_A,90.37,2,4,1,541.01,518.05,408.9,489.32000000000016,2597.9251,275.6349,0,0.18449844098817364,725.14,0
725.14,39.37,13.49,76.93,0,2025-01-17 03:00:00,1,65025,33.97,Zone_A,93.54,3,4,1,725.14,541.01,518.05,594.7333333333335,3028.7341,531.1012999999999,0,0.04678161236125265,614.05,0
614.05,30.19,4.13,63.86,1,2025-01-17 04:00:00,0,57145,77.49,Zone_D,92.51,4,4,1,614.05,725.14,541.01,626.7333333333336,1927.9334000000001,124.6847,0,0.12598975693033088,430.77,0
430.77,25.48,19.01,82.78,1,2025-01-17 05:00:00,0,105797,86.0,Zone_D,84.49,5,4,1,430.77,614.05,725.14,589.9866666666668,2109.2344000000003,484.37480000000005,0,0.19918011904486185,392.19,0
392.19,32.76,8.97,87.74,1,2025-01-17 06:00:00,1,91723,81.04,Zone_D,74.97,6,4,1,392.19,430.77,614.05,479.0033333333335,2874.3623999999995,293.8572,0,0.20610900582415628,559.03,1
559.03,25.93,1.07,81.61,0,2025-01-17 07:00:00,1,123230,61.32,Zone_B,77.01,7,4,1,559.03,392.19,430.77,460.66333333333347,2116.1473,27.7451,0,0.10949413424280843,341.57,1
341.57,42.08,8.05,67.55,0,2025-01-17 08:00:00,0,54830,59.77,Zone_B,87.18,8,4,1,341.57,559.03,392.19,430.9300000000001,2842.504,338.744,0,0.1744752897218087,719.78,0
719.78,30.82,9.91,74.41,1,2025-01-17 09:00:00,0,73930,72.99,Zone_D,87.74,9,4,1,719.78,341.57,559.03,540.1266666666668,2293.3161999999998,305.4262,0,0.1012652959294098,641.53,0
641.53,27.81,12.04,64.19,0,2025-01-17 10:00:00,1,73752,79.68,Zone_B,76.21,10,4,1,641.53,719.78,341.57,567.6266666666668,1785.1238999999998,334.83239999999995,0,0.12400977386269903,443.7,1
443.7,31.11,24.03,84.96,1,2025-01-17 11:00:00,0,126025,75.84,Zone_C,85.36,11,4,1,443.7,641.53,719.78,601.6700000000002,2643.1056,747.5733,0,0.1705419383854284,294.42,0
294.42,21.92,3.51,76.58,1,2025-01-17 12:00:00,1,148228,83.72,Zone_D,90.05,12,4,1,294.42,443.7,641.53,459.8833333333335,1678.6336000000001,76.9392,0,0.28339313519734616,662.46,0
662.46,24.17,24.15,83.7,0,2025-01-17 13:00:00,0,131304,46.66,Zone_D,75.79,13,4,1,662.46,294.42,443.7,466.8600000000001,2023.0290000000002,583.7055,0,0.07032827902209628,486.26,1
486.26,37.2,5.85,56.73,1,2025-01-17 14:00:00,0,112040,60.9,Zone_B,93.84,14,4,1,486.26,662.46,294.42,481.0466666666668,2110.356,217.62,0,0.12498460780692033,648.54,0
648.54,26.06,2.67,68.72,1,2025-01-17 15:00:00,0,117696,48.08,Zone_A,81.98,15,4,1,648.54,486.26,662.46,599.0866666666667,1790.8431999999998,69.58019999999999,0,0.0740216152969794,308.67,0
308.67,23.72,3.59,91.51,0,2025-01-17 16:00:00,0,114648,58.05,Zone_D,95.06,16,4,1,308.67,648.54,486.26,481.15666666666675,2170.6172,85.1548,0,0.18745761617205411,428.07,0
428.07,33.22,9.43,69.65,1,2025-01-17 17:00:00,0,105030,83.27,Zone_B,80.73,17,4,1,428.07,308.67,648.54,461.76000000000016,2313.773,313.2646,0,0.19407089752254877,500.63,0
500.63,37.11,2.26,80.93,0,2025-01-17 18:00:00,1,106815,66.94,Zone_B,76.79,18,4,1,500.63,428.07,308.67,412.45666666666676,3003.3123,83.86859999999999,0,0.13344496939975678,505.64,1
505.64,34.31,4.2,70.92,1,2025-01-17 19:00:00,0,135669,100.0,Zone_A,81.33,19,4,1,505.64,500.63,428.07,478.11333333333346,2433.2652000000003,144.102,0,0.19737880941102165,445.99,0
445.99,35.98,7.88,55.48,0,2025-01-17 20:00:00,0,85690,68.48,Zone_D,84.24,20,4,1,445.99,505.64,500.63,484.0866666666668,1996.1703999999997,283.52239999999995,0,0.15320253249513413,574.74,0
574.74,25.46,18.9,85.77,1,2025-01-17 21:00:00,0,138406,66.07,Zone_A,81.89,21,4,1,574.74,445.99,505.64,508.79000000000013,2183.7042,481.19399999999996,0,0.11475666099280923,371.89,0
371.89,21.47,11.77,77.11,0,2025-01-17 22:00:00,0,140032,66.91,Zone_C,83.27,22,4,1,371.89,574.74,445.99,464.20666666666676,1655.5517,252.70189999999997,0,0.17943629488589127,482.91,0
482.91,39.01,6.07,73.38,0,2025-01-17 23:00:00,0,107923,53.52,Zone_A,87.67,23,4,1,482.91,371.89,574.74,476.5133333333335,2862.5537999999997,236.7907,0,0.11059907834101383,514.44,0
514.44,28.06,9.4,76.75,1,2025-01-18 00:00:00,0,86572,63.96,Zone_A,83.63,0,5,1,514.44,482.91,371.89,456.41333333333347,2153.605,263.764,0,0.12408815769051683,561.73,0
561.73,28.5,7.24,63.86,0,2025-01-18 01:00:00,0,104030,85.3,Zone_B,84.47,1,5,1,561.73,514.44,482.91,519.6933333333335,1820.01,206.34,0,0.15158246405914025,585.39,0
585.39,37.97,1.56,69.94,0,2025-01-18 02:00:00,0,117904,67.05,Zone_A,71.33,2,5,1,585.39,561.73,514.44,553.8533333333335,2655.6218,59.233200000000004,0,0.11434369617490066,365.04,1
365.04,33.34,21.38,89.9,1,2025-01-18 03:00:00,0,79203,50.72,Zone_C,88.13,3,5,1,365.04,585.39,561.73,504.05333333333346,2997.2660000000005,712.8092,0,0.13856409135613593,315.91,0
315.91,32.74,19.12,76.76,1,2025-01-18 04:00:00,0,127088,48.35,Zone_B,84.29,4,5,1,315.91,365.04,585.39,422.11333333333346,2513.1224,625.9888000000001,0,0.15256697485090404,653.32,0
653.32,42.99,5.44,64.15,0,2025-01-18 05:00:00,1,55608,56.9,Zone_C,97.88,5,5,1,653.32,315.91,365.04,444.75666666666683,2757.8085000000005,233.86560000000003,0,0.08696050861963564,539.88,0
539.88,26.14,3.72,86.69,0,2025-01-18 06:00:00,0,95667,66.33,Zone_A,77.48,6,5,1,539.88,653.32,315.91,503.03666666666686,2266.0766,97.24080000000001,0,0.12263348617068481,410.18,1
410.18,35.57,1.61,72.23,0,2025-01-18 07:00:00,0,105547,86.48,Zone_C,70.53,7,5,1,410.18,539.88,653.32,534.4600000000002,2569.2211,57.267700000000005,0,0.2103215136923002,686.14,1
686.14,30.34,9.88,76.4,0,2025-01-18 08:00:00,0,72485,40.87,Zone_C,89.94,8,5,1,686.14,410.18,539.88,545.4000000000001,2317.976,299.7592,0,0.05947841778967896,513.88,0
513.88,31.61,9.94,64.98,0,2025-01-18 09:00:00,0,59862,59.24,Zone_A,87.77,9,5,1,513.88,686.14,410.18,536.7333333333335,2054.0178,314.2034,0,0.11505593536357987,641.52,0
641.52,39.17,2.48,69.53,1,2025-01-18 10:00:00,0,125948,67.6,Zone_A,76.93,10,5,1,641.52,513.88,686.14,613.8466666666668,2723.4901,97.1416,0,0.10521073273983689,508.1,1
508.1,33.05,7.31,80.85,1,2025-01-18 11:00:00,0,136890,31.99,Zone_B,72.76,11,5,1,508.1,641.52,513.88,554.5000000000001,2672.0924999999997,241.59549999999996,0,0.06283637792182283,747.29,1
747.29,33.23,11.48,65.73,1,2025-01-18 12:00:00,0,121880,50.0,Zone_B,97.3,12,5,1,747.29,508.1,641.52,632.3033333333334,2184.2079,381.4804,0,0.06681901401862915,710.64,0
710.64,36.44,3.47,81.25,1,2025-01-18 13:00:00,0,107560,52.76,Zone_D,96.31,13,5,1,710.64,747.29,508.1,655.3433333333334,2960.75,126.4468,0,0.07413860940925186,470.12,0
470.12,27.81,4.84,76.02,0,2025-01-18 14:00:00,0,133529,50.67,Zone_B,65.1,14,5,1,470.12,710.64,747.29,642.6833333333334,2114.1162,134.60039999999998,0,0.10755221599592461,616.59,1
616.59,24.96,4.79,71.93,0,2025-01-18 15:00:00,0,144218,68.45,Zone_A,81.33,15,5,1,616.59,470.12,710.64,599.1166666666668,1795.3728000000003,119.5584,0,0.11083404847876423,577.45,0
577.45,23.73,2.66,88.0,0,2025-01-18 16:00:00,0,78415,62.11,Zone_C,98.31,16,5,1,577.45,616.59,470.12,554.7200000000001,2088.2400000000002,63.12180000000001,0,0.10737315239000778,664.24,0
664.24,18.2,4.93,82.14,0,2025-01-18 17:00:00,0,114523,55.0,Zone_C,81.19,17,5,1,664.24,577.45,616.59,619.4266666666668,1494.9479999999999,89.72599999999998,0,0.08267692862726234,384.21,0
384.21,42.34,0.83,71.21,0,2025-01-18 18:00:00,0,69323,72.7,Zone_B,81.08,18,5,1,384.21,664.24,577.45,541.9666666666668,3015.0314,35.1422,0,0.18872822616235302,582.33,0
582.33,23.38,4.56,77.96,1,2025-01-18 19:00:00,0,103214,96.02,Zone_B,82.74,19,5,1,582.33,384.21,664.24,543.5933333333334,1822.7047999999998,106.6128,0,0.16460665489517082,627.01,0
627.01,28.67,4.62,75.58,0,2025-01-18 20:00:00,1,67997,94.51,Zone_A,76.03,20,5,1,627.01,582.33,384.21,531.1833333333334,2166.8786,132.4554,0,0.15049123421601568,288.95,1
288.95,28.34,5.51,80.28,0,2025-01-18 21:00:00,1,107003,30.39,Zone_C,71.36,21,5,1,288.95,627.01,582.33,499.43000000000006,2275.1352,156.1534,0,0.10481117434040352,358.01,1
358.01,31.84,8.82,75.85,0,2025-01-18 22:00:00,0,53679,75.39,Zone_D,93.42,22,5,1,358.01,288.95,627.01,424.65666666666675,2415.064,280.8288,0,0.20999415058076376,255.29,0
255.29,34.89,1.45,55.12,1,2025-01-18 23:00:00,0,145025,61.8,Zone_D,70.26,23,5,1,255.29,358.01,288.95,300.7500000000001,1923.1368,50.5905,0,0.24113309141987593,467.67,1
467.67,35.16,1.82,61.9,0,2025-01-19 00:00:00,0,90308,67.79,Zone_B,86.98,0,6,1,467.67,255.29,358.01,360.32333333333344,2176.4039999999995,63.9912,0,0.14464335246548746,586.11,0
586.11,26.5,2.58,85.23,0,2025-01-19 01:00:00,1,125024,57.83,Zone_D,92.09,1,6,1,586.11,467.67,255.29,436.3566666666668,2258.5950000000003,68.37,0,0.09849942940845838,680.28,0
680.28,29.0,1.26,74.75,0,2025-01-19 02:00:00,0,89842,67.12,Zone_A,73.39,2,6,1,680.28,586.11,467.67,578.0200000000001,2167.75,36.54,0,0.09852043212775952,508.89,1
508.89,31.7,9.67,69.45,1,2025-01-19 03:00:00,0,115408,67.73,Zone_D,77.61,3,6,1,508.89,680.28,586.11,591.7600000000001,2201.565,306.539,0,0.1328325717311577,695.43,1
695.43,28.51,3.31,65.33,0,2025-01-19 04:00:00,0,119532,54.58,Zone_B,94.71,4,6,1,695.43,508.89,680.28,628.2,1862.5583000000001,94.36810000000001,0,0.07837112129000762,334.39,0
334.39,39.64,5.67,58.65,1,2025-01-19 05:00:00,0,103938,48.87,Zone_A,89.26,5,6,1,334.39,695.43,508.89,512.9033333333333,2324.886,224.7588,0,0.1457109633560929,295.59,0
295.59,32.95,2.35,56.47,1,2025-01-19 06:00:00,1,55695,56.92,Zone_C,80.06,6,6,1,295.59,334.39,695.43,441.80333333333346,1860.6865,77.4325,0,0.1919147644896996,493.33,0
493.33,34.41,4.1,70.66,0,2025-01-19 07:00:00,0,145740,69.22,Zone_A,94.62,7,6,1,493.33,295.59,334.39,374.4366666666668,2431.4105999999997,141.08099999999996,0,0.14002791657394859,546.09,0
546.09,33.98,7.62,67.03,0,2025-01-19 08:00:00,0,108499,75.78,Zone_B,94.65,8,6,1,546.09,493.33,295.59,445.0033333333334,2277.6794,258.9276,0,0.13851468679741907,496.08,0
496.08,37.04,7.93,61.63,1,2025-01-19 09:00:00,0,73382,80.36,Zone_B,87.15,9,6,1,496.08,546.09,493.33,511.8333333333335,2282.7752,293.7272,0,0.16166411845175827,251.91,0
251.91,31.09,1.92,73.59,0,2025-01-19 10:00:00,0,64235,56.1,Zone_D,77.8,10,6,1,251.91,496.08,546.09,431.3600000000001,2287.9131,59.6928,0,0.22181803803724645,489.31,1
489.31,22.22,5.41,84.14,0,2025-01-19 11:00:00,0,112223,70.11,Zone_D,81.69,11,6,1,489.31,251.91,496.08,412.4333333333334,1869.5908,120.2102,0,0.1429911688523587,343.46,0
343.46,32.4,2.39,89.83,1,2025-01-19 12:00:00,0,52366,82.33,Zone_C,87.29,12,6,1,343.46,489.31,251.91,361.5600000000001,2910.4919999999997,77.436,0,0.23901178656447775,580.36,0
580.36,26.09,5.23,66.03,1,2025-01-19 13:00:00,1,77467,85.98,Zone_C,83.49,13,6,1,580.36,343.46,489.31,471.04333333333346,1722.7227,136.4507,0,0.14789459199119306,543.99,0
543.99,26.83,3.03,86.81,1,2025-01-19 14:00:00,0,109316,63.94,Zone_B,92.51,14,6,1,543.99,580.36,343.46,489.27000000000015,2329.1123,81.29489999999998,0,0.11732325363768142,387.21,0
387.21,33.52,22.38,79.97,1,2025-01-19 15:00:00,0,56764,61.02,Zone_B,72.76,15,6,1,387.21,543.99,580.36,503.85333333333347,2680.5944000000004,750.1776,0,0.15718296798124728,438.34,1
438.34,37.43,11.43,62.82,0,2025-01-19 16:00:00,1,140896,68.44,Zone_B,73.05,16,6,1,438.34,387.21,543.99,456.5133333333335,2351.3526,427.8249,0,0.1557791232303,372.89,1
372.89,30.13,8.23,76.52,0,2025-01-19 17:00:00,0,111836,44.31,Zone_C,86.45,17,6,1,372.89,438.34,387.21,399.4800000000002,2305.5476,247.9699,0,0.1185107919441547,492.48,0
492.48,31.85,4.45,69.86,1,2025-01-19 18:00:00,0,81923,61.52,Zone_B,81.07,18,6,1,492.48,372.89,438.34,434.57000000000016,2225.041,141.73250000000002,0,0.12466563994488125,614.62,0
614.62,40.21,11.69,68.31,0,2025-01-19 19:00:00,0,145711,78.4,Zone_C,79.98,19,6,1,614.62,492.48,372.89,493.33000000000015,2746.7451,470.0549,0,0.1273512881322894,381.71,1
381.71,31.44,5.55,85.92,0,2025-01-19 20:00:00,0,66292,76.56,Zone_B,70.86,20,6,1,381.71,614.62,492.48,496.27000000000015,2701.3248000000003,174.492,0,0.2000470330014894,560.49,1
560.49,45.0,20.72,67.84,1,2025-01-19 21:00:00,0,51614,60.14,Zone_A,85.16,21,6,1,560.49,381.71,614.62,518.9400000000002,3052.8,932.4,0,0.10710787369320914,436.37,0
436.37,33.39,12.63,76.35,0,2025-01-19 22:00:00,1,70939,68.92,Zone_A,84.58,22,6,1,436.37,560.49,381.71,459.52333333333354,2549.3264999999997,421.7157,0,0.15757825182339896,404.86,0
404.86,19.44,4.07,80.01,0,2025-01-19 23:00:00,0,68800,50.16,Zone_B,90.23,23,6,1,404.86,436.37,560.49,467.2400000000002,1555.3944000000001,79.12080000000002,0,0.12358941506923568,487.16,0
487.16,34.52,19.0,59.51,0,2025-01-20 00:00:00,0,106440,77.66,Zone_A,85.55,0,0,1,487.16,404.86,436.37,442.79666666666685,2054.2852000000003,655.8800000000001,0,0.1590871845296624,375.77,0
375.77,32.29,4.48,71.5,0,2025-01-20 01:00:00,0,73246,63.6,Zone_C,83.94,1,0,1,375.77,487.16,404.86,422.5966666666668,2308.735,144.6592,0,0.1688032486662951,433.56,0
433.56,37.74,23.34,78.46,0,2025-01-20 02:00:00,0,102805,60.03,Zone_D,94.42,2,0,1,433.56,375.77,487.16,432.16333333333347,2961.0804,880.8516000000001,0,0.13813972754050075,356.25,0
356.25,34.04,19.76,59.55,0,2025-01-20 03:00:00,0,99648,58.49,Zone_A,74.5,3,0,1,356.25,433.56,375.77,388.5266666666668,2027.0819999999999,672.6304,0,0.16372288313505948,735.77,1
735.77,29.17,7.58,67.22,0,2025-01-20 04:00:00,0,106851,63.87,Zone_D,89.29,4,0,1,735.77,356.25,433.56,508.5266666666668,1960.8074000000001,221.10860000000002,0,0.08668919744289262,504.23,0
504.23,22.65,0.88,81.89,0,2025-01-20 05:00:00,1,81688,56.94,Zone_A,71.63,5,0,1,504.23,735.77,356.25,532.0833333333335,1854.8084999999999,19.932,0,0.11270114601270707,416.03,1
416.03,28.75,7.08,68.13,1,2025-01-20 06:00:00,0,143498,76.85,Zone_C,78.29,6,0,1,416.03,504.23,735.77,552.0100000000001,1958.7375,203.55,0,0.18427930844303766,525.68,1
525.68,24.9,1.69,72.74,0,2025-01-20 07:00:00,0,79764,57.88,Zone_A,75.3,7,0,1,525.68,416.03,504.23,481.9800000000002,1811.2259999999997,42.080999999999996,0,0.10989595200121517,486.52,1
486.52,26.52,3.13,74.4,1,2025-01-20 08:00:00,0,82470,93.67,Zone_A,91.26,8,0,1,486.52,525.68,416.03,476.0766666666668,1973.0880000000002,83.0076,0,0.19213570725303578,473.48,0
473.48,33.53,3.38,61.25,0,2025-01-20 09:00:00,0,88501,91.37,Zone_B,84.48,9,0,1,473.48,486.52,525.68,495.22666666666674,2053.7125,113.3314,0,0.19256870679480695,573.7,0
573.7,40.02,1.67,59.19,0,2025-01-20 10:00:00,0,107207,48.95,Zone_D,84.89,10,0,1,573.7,473.48,486.52,511.2333333333335,2368.7838,66.8334,0,0.08517487384722464,590.9,0
590.9,32.37,7.11,78.73,1,2025-01-20 11:00:00,0,112157,66.25,Zone_D,76.15,11,0,1,590.9,573.7,473.48,546.0266666666668,2548.4901,230.1507,0,0.11192769048825815,436.34,1
436.34,22.82,2.75,70.28,0,2025-01-20 12:00:00,0,53216,53.29,Zone_C,82.6,12,0,1,436.34,590.9,573.7,533.6466666666669,1603.7896,62.755,0,0.12185027667261171,430.9,0
430.9,32.67,4.67,60.08,1,2025-01-20 13:00:00,0,72072,59.12,Zone_C,78.89,13,0,1,430.9,436.34,590.9,486.0466666666668,1962.8136,152.5689,0,0.13688353785598517,466.99,1
466.99,37.18,3.41,64.22,0,2025-01-20 14:00:00,0,143778,100.0,Zone_D,88.07,14,0,1,466.99,430.9,436.34,444.7433333333335,2387.6996,126.7838,0,0.21367977948246758,223.77,0
223.77,26.34,8.86,83.78,1,2025-01-20 15:00:00,0,87132,59.46,Zone_B,77.07,15,0,1,223.77,466.99,430.9,373.8866666666668,2206.7652,233.37239999999997,0,0.26453708235084755,318.18,1
318.18,29.2,8.33,74.07,0,2025-01-20 16:00:00,0,67861,71.48,Zone_B,95.64,16,0,1,318.18,223.77,466.99,336.31333333333345,2162.8439999999996,243.236,0,0.22394886897675292,664.02,0
664.02,30.09,4.32,71.21,1,2025-01-20 17:00:00,0,114186,74.74,Zone_D,71.6,17,0,1,664.02,318.18,223.77,401.9900000000002,2142.7088999999996,129.9888,0,0.11238759736549277,697.4,1
697.4,25.29,9.22,79.12,0,2025-01-20 18:00:00,0,54960,46.99,Zone_A,78.55,18,0,1,697.4,664.02,318.18,559.8666666666668,2000.9448,233.1738,0,0.0672823596792669,470.12,1
470.12,33.89,15.31,57.92,1,2025-01-20 19:00:00,0,68781,49.61,Zone_D,98.42,19,0,1,470.12,697.4,664.02,610.5133333333334,1962.9088000000002,518.8559,0,0.10530225844795381,569.19,0
569.19,29.27,0.26,79.54,0,2025-01-20 20:00:00,0,81126,43.29,Zone_A,81.52,20,0,1,569.19,470.12,697.4,578.9033333333335,2328.1358,7.6102,0,0.0759220610673635,537.35,0
537.35,32.52,3.21,76.05,0,2025-01-20 21:00:00,0,72578,49.05,Zone_D,74.48,21,0,1,537.35,569.19,470.12,525.5533333333335,2473.146,104.3892,0,0.091111730286988,869.47,1
869.47,24.68,2.1,75.99,1,2025-01-20 22:00:00,0,67883,13.7,Zone_A,86.75,22,0,1,869.47,537.35,569.19,658.6700000000002,1875.4332,51.828,1,0.01573862396176778,634.35,0
634.35,27.38,2.92,85.15,0,2025-01-20 23:00:00,0,79782,74.8,Zone_B,81.2,23,0,1,634.35,869.47,537.35,680.3900000000002,2331.407,79.94959999999999,0,0.11773038482726056,484.65,0
484.65,34.33,0.24,62.51,0,2025-01-21 00:00:00,0,106387,100.0,Zone_D,78.31,0,1,1,484.65,634.35,869.47,662.8233333333335,2145.9683,8.239199999999999,0,0.20590960568310512,385.34,1
385.34,27.76,3.43,85.81,1,2025-01-21 01:00:00,0,66979,67.66,Zone_C,76.23,1,1,1,385.34,484.65,634.35,501.4466666666668,2382.0856000000003,95.2168,0,0.17513071387896673,307.23,1
307.23,40.36,17.0,67.95,0,2025-01-21 02:00:00,0,83746,39.51,Zone_A,100.0,2,1,1,307.23,385.34,484.65,392.4066666666668,2742.462,686.12,0,0.12818349933491222,524.42,0
524.42,27.6,6.63,74.23,0,2025-01-21 03:00:00,0,116266,53.43,Zone_B,82.99,3,1,1,524.42,307.23,385.34,405.6633333333334,2048.748,182.988,0,0.1016900765102204,409.24,0
409.24,31.35,9.03,73.76,0,2025-01-21 04:00:00,1,50056,56.74,Zone_C,69.6,4,1,1,409.24,524.42,307.23,413.6300000000001,2312.376,283.0905,0,0.13830928237129486,329.33,1
329.33,35.6,63.11,69.67,1,2025-01-21 05:00:00,0,81457,46.68,Zone_B,96.95,5,1,1,329.33,409.24,524.42,420.99666666666684,2480.252,2246.716,0,0.14131323222232314,422.41,0
422.41,21.49,20.98,91.57,0,2025-01-21 06:00:00,0,52243,80.48,Zone_A,89.89,6,1,1,422.41,329.33,409.24,386.9933333333335,1967.8392999999996,450.86019999999996,0,0.1900758130417326,370.21,0
370.21,19.44,5.59,74.84,0,2025-01-21 07:00:00,0,105031,79.58,Zone_D,78.87,7,1,1,370.21,422.41,329.33,373.9833333333334,1454.8896000000002,108.6696,0,0.2143800005387786,702.46,1
702.46,20.85,3.83,76.22,1,2025-01-21 08:00:00,1,51701,44.2,Zone_B,77.54,8,1,1,702.46,370.21,422.41,498.3600000000001,1589.1870000000001,79.8555,0,0.06283228612856452,605.8,1
605.8,37.58,3.27,77.23,1,2025-01-21 09:00:00,0,106381,78.05,Zone_D,90.39,9,1,1,605.8,702.46,370.21,559.4900000000001,2902.3034000000002,122.8866,0,0.1286255767963085,499.04,0
499.04,26.69,7.8,72.88,0,2025-01-21 10:00:00,0,100438,92.48,Zone_D,83.02,10,1,1,499.04,605.8,702.46,602.4333333333334,1945.1671999999999,208.18200000000002,0,0.1849452043836493,677.59,0
677.59,45.0,3.86,70.2,0,2025-01-21 11:00:00,1,123839,99.25,Zone_B,69.59,11,1,1,677.59,499.04,605.8,594.1433333333334,3159.0,173.7,0,0.14625915501259965,509.28,1
509.28,26.61,1.61,91.3,0,2025-01-21 12:00:00,0,130636,100.0,Zone_B,99.3,12,1,1,509.28,677.59,499.04,561.9700000000001,2429.493,42.8421,0,0.1959708395390766,396.65,0
396.65,31.11,3.39,70.9,0,2025-01-21 13:00:00,0,116483,48.76,Zone_B,81.53,13,1,1,396.65,509.28,677.59,527.8400000000001,2205.699,105.4629,0,0.12262039481956495,682.77,0
682.77,39.25,7.99,73.05,0,2025-01-21 14:00:00,0,70505,100.0,Zone_D,96.96,14,1,1,682.77,396.65,509.28,529.5666666666667,2867.2125,313.6075,0,0.14624800737089957,564.67,0
564.67,42.04,10.37,56.14,0,2025-01-21 15:00:00,0,56553,58.62,Zone_C,95.23,15,1,1,564.67,682.77,396.65,548.0300000000001,2360.1256,435.9548,0,0.10362932451782841,375.53,0
375.53,42.37,22.6,71.14,0,2025-01-21 16:00:00,0,83525,54.34,Zone_A,76.99,16,1,1,375.53,564.67,682.77,540.99,3014.2018,957.562,0,0.14431784983932225,477.16,1
477.16,37.25,6.38,70.8,0,2025-01-21 17:00:00,0,130402,70.89,Zone_C,93.27,17,1,1,477.16,375.53,564.67,472.4533333333334,2637.2999999999997,237.655,0,0.14825581395348836,394.93,0
394.93,36.14,16.0,73.87,1,2025-01-21 18:00:00,0,146008,54.52,Zone_D,79.79,18,1,1,394.93,477.16,375.53,415.87333333333345,2669.6618000000003,578.24,0,0.13770110878185537,334.06,1
334.06,33.56,4.84,66.99,1,2025-01-21 19:00:00,0,94348,72.18,Zone_B,70.07,19,1,1,334.06,394.93,477.16,402.0500000000001,2248.1844,162.43040000000002,0,0.21542410314570526,611.14,1
611.14,34.67,5.49,57.98,1,2025-01-21 20:00:00,0,121187,41.24,Zone_B,81.6,20,1,1,611.14,334.06,394.93,446.71000000000004,2010.1666,190.3383,0,0.06737020942921554,729.13,0
729.13,26.69,5.23,81.67,0,2025-01-21 21:00:00,0,57273,60.7,Zone_A,88.18,21,1,1,729.13,611.14,334.06,558.11,2179.7723,139.58870000000002,0,0.08313587991179654,332.17,0
332.17,25.09,7.07,62.42,0,2025-01-21 22:00:00,0,114236,88.14,Zone_A,81.3,22,1,1,332.17,729.13,611.14,557.4800000000001,1566.1178,177.3863,0,0.264549629318366,567.56,0
567.56,29.98,11.9,72.48,1,2025-01-21 23:00:00,1,125569,63.97,Zone_C,82.54,23,1,1,567.56,332.17,729.13,542.9533333333334,2172.9504,356.762,0,0.11251231180526243,421.92,0
421.92,28.98,3.7,83.35,1,2025-01-22 00:00:00,0,53535,67.55,Zone_C,94.15,0,2,1,421.92,567.56,332.17,440.55,2415.4829999999997,107.22600000000001,0,0.15972287903149532,441.54,0
441.54,27.28,2.23,78.71,0,2025-01-22 01:00:00,0,68677,73.55,Zone_A,85.85,1,2,1,441.54,421.92,567.56,477.00666666666666,2147.2088,60.8344,0,0.1661996655669544,428.91,0
428.91,34.18,12.66,87.24,1,2025-01-22 02:00:00,0,133024,86.07,Zone_D,78.25,2,2,1,428.91,441.54,421.92,430.79,2981.8632,432.7188,0,0.2002046940057221,396.32,1
396.32,35.73,11.96,78.62,1,2025-01-22 03:00:00,0,50908,35.21,Zone_C,90.62,3,2,1,396.32,428.91,441.54,422.25666666666666,2809.0926,427.3308,0,0.08861874559548978,505.82,0
505.82,30.53,17.95,69.34,1,2025-01-22 04:00:00,0,120153,75.52,Zone_B,86.58,4,2,1,505.82,396.32,428.91,443.6833333333334,2116.9502,548.0135,0,0.1490075371926917,400.29,0
400.29,38.87,3.14,68.13,1,2025-01-22 05:00:00,0,145967,60.17,Zone_B,64.83,5,2,1,400.29,505.82,396.32,434.1433333333334,2648.2130999999995,122.0518,0,0.14994143885967753,532.45,1
532.45,23.15,4.68,80.1,0,2025-01-22 06:00:00,0,138989,68.0,Zone_D,88.43,6,2,1,532.45,400.29,505.82,479.52000000000004,1854.3149999999998,108.34199999999998,0,0.12747211547473988,493.97,0
493.97,28.84,13.04,63.27,0,2025-01-22 07:00:00,0,85079,84.08,Zone_A,88.13,7,2,1,493.97,532.45,400.29,475.5700000000001,1824.7068000000002,376.0736,0,0.1698688809422793,471.33,0
471.33,25.7,3.66,70.92,1,2025-01-22 08:00:00,0,131556,43.5,Zone_C,85.16,8,2,1,471.33,493.97,532.45,499.25,1822.644,94.062,0,0.09209662735799123,391.09,0
391.09,18.8,10.02,79.47,1,2025-01-22 09:00:00,0,99323,46.77,Zone_B,92.13,9,2,1,391.09,471.33,493.97,452.13000000000005,1494.036,188.376,0,0.119283837894361,430.79,0
430.79,29.5,4.86,59.11,0,2025-01-22 10:00:00,0,95320,30.16,Zone_A,79.62,10,2,1,430.79,391.09,471.33,431.07,1743.745,143.37,0,0.06984876907756085,590.65,1
590.65,29.27,7.76,75.96,0,2025-01-22 11:00:00,0,142098,55.12,Zone_C,87.69,11,2,1,590.65,430.79,391.09,470.8433333333334,2223.3491999999997,227.1352,0,0.09316318769542804,560.11,0
560.11,39.08,1.57,65.74,0,2025-01-22 12:00:00,0,139909,88.95,Zone_D,72.46,12,2,1,560.11,590.65,430.79,527.1833333333334,2569.1191999999996,61.3556,0,0.15852506638627006,382.69,1
382.69,33.78,6.31,58.59,1,2025-01-22 13:00:00,0,96105,62.83,Zone_B,88.26,13,2,1,382.69,560.11,590.65,511.1500000000001,1979.1702000000002,213.15179999999998,0,0.16375198728139903,511.92,0
511.92,23.85,15.07,83.15,1,2025-01-22 14:00:00,0,80164,40.88,Zone_D,100.0,14,2,1,511.92,382.69,560.11,484.90666666666675,1983.1275000000003,359.4195,0,0.07970053809560945,590.17,0
590.17,41.12,11.12,71.83,0,2025-01-22 15:00:00,0,51885,56.26,Zone_D,77.04,15,2,1,590.17,511.92,382.69,494.92666666666673,2953.6495999999997,457.2543999999999,0,0.09516721078539168,299.67,1
299.67,37.33,2.06,70.96,0,2025-01-22 16:00:00,0,107819,38.22,Zone_D,78.92,16,2,1,299.67,590.17,511.92,467.25333333333333,2648.9367999999995,76.8998,0,0.12711610736022882,565.2,1
565.2,33.49,21.27,69.61,0,2025-01-22 17:00:00,1,51049,44.75,Zone_C,79.32,17,2,1,565.2,299.67,590.17,485.0133333333333,2331.2389000000003,712.3323,0,0.0790356764394207,420.49,1
420.49,28.64,14.37,80.82,1,2025-01-22 18:00:00,0,103281,72.0,Zone_D,86.04,18,2,1,420.49,565.2,299.67,428.4533333333334,2314.6848,411.5568,0,0.17082255806780705,568.47,0
568.47,24.24,1.67,85.05,1,2025-01-22 19:00:00,0,93271,43.87,Zone_C,76.5,19,2,1,568.47,420.49,565.2,518.0533333333334,2061.6119999999996,40.480799999999995,0,0.07703654275027656,408.41,1
408.41,27.77,3.42,79.25,1,2025-01-22 20:00:00,1,116697,85.03,Zone_C,88.37,20,2,1,408.41,568.47,420.49,465.79,2200.7725,94.9734,0,0.20768911360250114,283.41,0
283.41,36.53,1.79,63.18,0,2025-01-22 21:00:00,0,116351,63.72,Zone_D,91.77,21,2,1,283.41,408.41,568.47,420.09666666666664,2307.9654,65.3887,0,0.22404275517738473,304.69,0
304.69,41.31,7.95,68.17,0,2025-01-22 22:00:00,0,86534,66.54,Zone_D,89.27,22,2,1,304.69,283.41,408.41,332.17,2816.1027000000004,328.41450000000003,0,0.21767149726847462,505.77,0
505.77,39.26,3.26,77.16,0,2025-01-22 23:00:00,0,143034,59.99,Zone_A,70.85,23,2,1,505.77,304.69,283.41,364.6233333333333,3029.3016,127.98759999999999,0,0.11837717307654361,531.17,1
531.17,27.07,0.4,72.57,0,2025-01-23 00:00:00,0,108097,78.91,Zone_B,92.96,0,3,1,531.17,505.77,304.69,447.21000000000004,1964.4698999999998,10.828000000000001,0,0.14827968506304376,391.48,0
391.48,23.28,5.47,97.16,1,2025-01-23 01:00:00,0,103813,79.1,Zone_A,92.5,1,3,1,391.48,531.17,505.77,476.14000000000004,2261.8848,127.3416,0,0.2015389319200978,576.63,0
576.63,30.85,12.27,70.12,1,2025-01-23 02:00:00,0,75037,71.03,Zone_B,91.64,2,3,1,576.63,391.48,531.17,499.76,2163.202,378.5295,0,0.1229679898897218,300.62,0
300.62,19.39,6.42,83.75,1,2025-01-23 03:00:00,0,86007,75.17,Zone_B,87.98,3,3,1,300.62,576.63,391.48,422.91,1623.9125000000001,124.4838,0,0.24922087394735098,492.07,0
492.07,31.94,9.29,68.07,1,2025-01-23 04:00:00,0,129478,61.18,Zone_A,86.76,4,3,1,492.07,300.62,576.63,456.44000000000005,2174.1558,296.7226,0,0.12407974526943436,354.68,0
354.68,29.11,6.98,77.49,0,2025-01-23 05:00:00,0,77278,74.76,Zone_A,93.26,5,3,1,354.68,492.07,300.62,382.4566666666667,2255.7338999999997,203.1878,0,0.2101889338731444,421.78,0
421.78,27.2,10.75,63.3,1,2025-01-23 06:00:00,0,58272,58.92,Zone_B,100.0,6,3,1,421.78,354.68,492.07,422.8433333333334,1721.76,292.4,0,0.13936326221675577,505.69,0
505.69,20.43,7.54,78.29,1,2025-01-23 07:00:00,0,107183,65.04,Zone_B,77.38,7,3,1,505.69,421.78,354.68,427.3833333333334,1599.4647,154.0422,0,0.12836250962126747,396.75,1
396.75,33.08,5.2,63.8,1,2025-01-23 08:00:00,0,149173,60.06,Zone_B,93.63,8,3,1,396.75,505.69,421.78,441.4066666666667,2110.504,172.016,0,0.15099937146448775,453.85,0
453.85,26.8,6.35,78.64,0,2025-01-23 09:00:00,0,88294,56.77,Zone_C,84.31,9,3,1,453.85,396.75,505.69,452.09666666666675,2107.552,170.18,0,0.12481037704737825,620.76,0
620.76,22.98,18.45,88.57,0,2025-01-23 10:00:00,0,123277,52.6,Zone_B,83.96,10,3,1,620.76,453.85,396.75,490.4533333333334,2035.3385999999998,423.981,0,0.08459855892949049,430.77,0
430.77,15.0,9.73,92.17,0,2025-01-23 11:00:00,0,112509,73.42,Zone_D,72.71,11,3,1,430.77,620.76,453.85,501.79333333333335,1382.55,145.95000000000002,0,0.17004423651481113,600.28,1
600.28,29.83,2.05,56.16,1,2025-01-23 12:00:00,0,54694,88.59,Zone_D,82.72,12,3,1,600.28,430.77,620.76,550.6033333333334,1675.2527999999998,61.15149999999999,0,0.1473356838744013,364.44,0
364.44,40.63,6.26,82.83,0,2025-01-23 13:00:00,0,145842,86.08,Zone_D,77.02,13,3,1,364.44,600.28,430.77,465.1633333333334,3365.3829,254.34380000000002,0,0.23555166374781086,563.58,1
563.58,39.97,7.83,69.39,0,2025-01-23 14:00:00,0,108150,42.38,Zone_A,81.29,14,3,1,563.58,364.44,600.28,509.4333333333334,2773.5182999999997,312.9651,0,0.07506464982819086,672.99,0
672.99,27.26,5.03,70.98,1,2025-01-23 15:00:00,0,117470,88.21,Zone_A,76.21,15,3,1,672.99,563.58,364.44,533.6700000000001,1934.9148000000002,137.11780000000002,0,0.1308773127197733,203.4,1
203.4,26.39,0.41,79.15,0,2025-01-23 16:00:00,0,71556,59.27,Zone_A,81.41,16,3,1,203.4,672.99,563.58,479.99000000000007,2088.7685,10.819899999999999,0,0.2899706457925636,404.37,0
404.37,32.81,2.31,74.16,0,2025-01-23 17:00:00,0,114471,75.81,Zone_B,81.75,17,3,1,404.37,203.4,672.99,426.9200000000001,2433.1896,75.7911,0,0.18701433258504577,569.25,0
569.25,24.01,3.87,74.46,0,2025-01-23 18:00:00,0,99855,48.69,Zone_D,85.77,18,3,1,569.25,404.37,203.4,392.3400000000001,1787.7846,92.91870000000002,0,0.08538360368259534,475.63,0
475.63,31.81,23.12,75.13,1,2025-01-23 19:00:00,0,99086,67.56,Zone_B,72.08,19,3,1,475.63,569.25,404.37,483.0833333333334,2389.8853,735.4472,0,0.14174516920882027,544.54,1
544.54,34.6,8.87,66.46,0,2025-01-23 20:00:00,0,68907,70.65,Zone_C,73.44,20,3,1,544.54,475.63,569.25,529.8066666666667,2299.516,306.902,0,0.1295047109286212,427.52,1
427.52,37.36,0.83,65.88,1,2025-01-23 21:00:00,1,121695,38.28,Zone_C,87.9,21,3,1,427.52,544.54,475.63,482.56333333333333,2461.2767999999996,31.008799999999997,0,0.08933071968636237,510.39,0
510.39,29.4,5.34,69.99,0,2025-01-23 22:00:00,0,98487,75.95,Zone_A,78.62,22,3,1,510.39,427.52,544.54,494.1500000000001,2057.7059999999997,156.99599999999998,0,0.14851678757895148,481.32,1
481.32,28.78,16.32,64.52,1,2025-01-23 23:00:00,1,79158,89.23,Zone_C,93.6,23,3,1,481.32,510.39,427.52,473.07666666666677,1856.8856,469.68960000000004,0,0.185001658649859,640.13,0
640.13,24.73,3.22,80.38,0,2025-01-24 00:00:00,1,70293,61.86,Zone_D,86.8,0,4,1,640.13,481.32,510.39,543.9466666666667,1987.7974,79.6306,0,0.09648589209676664,530.53,0
530.53,25.04,13.43,83.65,0,2025-01-24 01:00:00,0,95761,89.48,Zone_C,89.85,1,4,1,530.53,640.13,481.32,550.6600000000001,2094.596,336.2872,0,0.16834421387315862,540.51,0
540.51,28.64,0.87,80.21,1,2025-01-24 02:00:00,0,149468,61.59,Zone_A,96.29,2,4,1,540.51,530.53,640.13,570.39,2297.2144,24.916800000000002,0,0.11373751177263579,450.57,0
450.57,32.2,15.01,79.8,0,2025-01-24 03:00:00,0,83387,80.29,Zone_B,82.52,3,4,1,450.57,540.51,530.53,507.2033333333334,2569.56,483.32200000000006,0,0.17780189117966208,441.49,0
441.49,35.48,3.67,73.21,0,2025-01-24 04:00:00,1,90750,25.07,Zone_C,80.4,4,4,1,441.49,450.57,540.51,477.52333333333337,2597.4907999999996,130.21159999999998,1,0.05665664760785554,448.09,0
448.09,25.18,3.98,74.59,0,2025-01-24 05:00:00,0,118602,100.0,Zone_D,91.97,5,4,1,448.09,441.49,450.57,446.7166666666667,1878.1762,100.2164,0,0.22267251553140796,547.33,0
547.33,38.96,6.92,74.55,1,2025-01-24 06:00:00,1,71256,91.92,Zone_D,89.08,6,4,1,547.33,448.09,441.49,478.9700000000001,2904.468,269.6032,0,0.16763627742417886,449.48,0
449.48,28.37,8.61,65.44,0,2025-01-24 07:00:00,0,55594,59.88,Zone_D,83.5,7,4,1,449.48,547.33,448.09,481.63333333333344,1856.5328,244.26569999999998,0,0.1329248801278636,534.77,0
534.77,29.87,0.07,67.9,1,2025-01-24 08:00:00,0,52460,29.5,Zone_B,96.13,8,4,1,534.77,449.48,547.33,510.5266666666668,2028.1730000000002,2.0909000000000004,1,0.05506094032887247,749.05,0
749.05,25.52,2.95,70.87,0,2025-01-24 09:00:00,0,122356,70.18,Zone_D,83.3,9,4,1,749.05,534.77,449.48,577.7666666666668,1808.6024,75.284,0,0.09356709552696488,604.53,0
604.53,15.45,6.16,95.28,0,2025-01-24 10:00:00,0,104698,39.01,Zone_A,85.26,10,4,1,604.53,749.05,534.77,629.45,1472.076,95.172,0,0.06442290225092068,460.88,0
460.88,35.3,8.59,78.3,0,2025-01-24 11:00:00,0,66191,73.01,Zone_A,85.17,11,4,1,460.88,604.53,749.05,604.82,2763.99,303.227,0,0.1580713605265437,644.15,0
644.15,34.42,2.03,75.36,0,2025-01-24 12:00:00,0,134631,72.41,Zone_D,77.52,12,4,1,644.15,460.88,604.53,569.8533333333334,2593.8912,69.87259999999999,0,0.11223746415562272,451.03,1
451.03,28.31,4.79,84.93,0,2025-01-24 13:00:00,0,60529,48.05,Zone_C,85.62,13,4,1,451.03,644.15,460.88,518.6866666666667,2404.3683,135.6049,0,0.10629825454062783,255.43,0
255.43,30.4,3.2,67.64,0,2025-01-24 14:00:00,0,82175,85.18,Zone_D,96.17,14,4,1,255.43,451.03,644.15,450.20333333333343,2056.256,97.28,0,0.332176422415474,379.03,0
379.03,33.1,7.13,75.31,0,2025-01-24 15:00:00,0,67675,79.5,Zone_A,88.56,15,4,1,379.03,255.43,451.03,361.8300000000001,2492.761,236.00300000000001,0,0.20919401099913165,275.5,0
275.5,20.62,14.6,81.5,1,2025-01-24 16:00:00,0,93158,82.56,Zone_A,85.25,16,4,1,275.5,379.03,255.43,303.3200000000001,1680.53,301.052,0,0.2985895117540687,457.82,0
457.82,26.83,4.2,84.31,0,2025-01-24 17:00:00,0,96798,65.16,Zone_A,83.71,17,4,1,457.82,275.5,379.03,370.78333333333336,2262.0373,112.68599999999999,0,0.14201647704982345,502.21,0
502.21,34.77,1.12,70.27,0,2025-01-24 18:00:00,0,120910,39.52,Zone_C,87.65,18,4,1,502.21,457.82,275.5,411.8433333333334,2443.2879000000003,38.942400000000006,0,0.07853580016295385,701.17,0
701.17,22.47,2.78,77.94,1,2025-01-24 19:00:00,0,75976,82.6,Zone_C,91.0,19,4,1,701.17,502.21,457.82,553.7333333333333,1751.3118,62.46659999999999,0,0.11763533047552586,539.23,0
539.23,31.76,21.12,77.92,0,2025-01-24 20:00:00,0,113116,60.13,Zone_C,89.87,20,4,1,539.23,701.17,502.21,580.87,2474.7392,670.7712,0,0.11130444440330971,473.71,0
473.71,21.86,2.32,88.52,0,2025-01-24 21:00:00,0,128678,39.98,Zone_A,82.35,21,4,1,473.71,539.23,701.17,571.37,1935.0472,50.715199999999996,0,0.08421983948094626,599.53,0
599.53,32.8,1.45,67.41,1,2025-01-24 22:00:00,0,112821,89.34,Zone_B,87.6,22,4,1,599.53,473.71,539.23,537.4900000000001,2211.048,47.559999999999995,0,0.14876858774748972,234.66,0
234.66,29.79,3.95,74.68,1,2025-01-24 23:00:00,0,62204,100.0,Zone_D,88.84,23,4,1,234.66,599.53,473.71,435.96666666666675,2224.7172,117.6705,0,0.42434015106509376,528.27,0
528.27,20.31,5.34,74.29,0,2025-01-25 00:00:00,0,105665,64.26,Zone_D,76.94,0,5,1,528.27,234.66,599.53,454.15333333333336,1508.8299,108.4554,0,0.12141251157254333,592.5,1
592.5,36.99,3.42,49.42,1,2025-01-25 01:00:00,0,57394,100.0,Zone_A,86.35,1,5,1,592.5,528.27,234.66,451.8100000000001,1828.0458,126.50580000000001,0,0.16849199663016007,322.57,0
322.57,25.59,0.88,80.13,0,2025-01-25 02:00:00,0,114814,66.64,Zone_C,67.71,2,5,1,322.57,592.5,528.27,481.1133333333334,2050.5267,22.5192,0,0.20595234416045988,637.25,1
637.25,25.14,7.75,83.76,0,2025-01-25 03:00:00,0,83593,58.15,Zone_B,88.86,3,5,1,637.25,322.57,592.5,517.44,2105.7264,194.835,0,0.09110849980415198,540.62,0
540.62,31.2,7.14,76.13,0,2025-01-25 04:00:00,0,91964,53.65,Zone_B,90.28,4,5,1,540.62,637.25,322.57,500.14666666666676,2375.256,222.76799999999997,0,0.09905468778848639,450.17,0
450.17,36.89,10.43,53.89,1,2025-01-25 05:00:00,0,127188,94.47,Zone_C,90.98,5,5,1,450.17,540.62,637.25,542.6800000000002,1988.0021000000002,384.7627,0,0.20938892213578028,575.93,0
575.93,23.91,7.0,77.07,0,2025-01-25 06:00:00,1,149276,50.96,Zone_D,81.84,6,5,1,575.93,450.17,540.62,522.2400000000001,1842.7436999999998,167.37,0,0.08832960671138614,772.48,0
772.48,30.37,19.83,56.96,0,2025-01-25 07:00:00,1,103365,78.23,Zone_D,87.47,7,5,1,772.48,575.93,450.17,599.5266666666668,1729.8752000000002,602.2370999999999,0,0.10114030097740084,521.82,0
521.82,32.57,11.1,83.9,0,2025-01-25 08:00:00,0,50443,54.94,Zone_B,96.39,8,5,1,521.82,772.48,575.93,623.4100000000002,2732.623,361.527,0,0.10508396771355341,529.79,0
529.79,34.16,9.36,62.98,0,2025-01-25 09:00:00,0,139439,56.71,Zone_B,96.31,9,5,1,529.79,521.82,772.48,608.0300000000001,2151.3967999999995,319.73759999999993,0,0.10684074681135666,444.88,0
444.88,31.06,15.02,84.2,0,2025-01-25 10:00:00,0,149058,83.54,Zone_C,84.77,10,5,1,444.88,529.79,521.82,498.8300000000001,2615.252,466.52119999999996,0,0.18735982775634702,398.02,0
398.02,27.8,6.62,84.33,0,2025-01-25 11:00:00,0,78180,58.16,Zone_D,86.11,11,5,1,398.02,444.88,529.79,457.56333333333333,2344.374,184.036,0,0.1457571049070222,599.64,0
599.64,25.03,4.89,71.77,0,2025-01-25 12:00:00,0,98791,57.71,Zone_B,93.89,12,5,1,599.64,398.02,444.88,480.84666666666675,1796.4031,122.3967,0,0.09608084709643047,397.27,0
397.27,30.52,7.67,65.52,0,2025-01-25 13:00:00,0,136655,85.39,Zone_D,72.99,13,5,1,397.27,599.64,398.02,464.97666666666674,1999.6703999999997,234.0884,0,0.2144022899038341,508.59,1
508.59,23.57,0.37,82.95,0,2025-01-25 14:00:00,0,125899,93.75,Zone_B,82.42,14,5,1,508.59,397.27,599.64,501.8333333333334,1955.1315000000002,8.7209,0,0.18397142801075375,442.68,0
442.68,15.0,6.64,80.25,0,2025-01-25 15:00:00,1,93665,76.6,Zone_C,95.68,15,5,1,442.68,508.59,397.27,449.5133333333334,1203.75,99.6,0,0.17264695275874503,557.48,0
557.48,32.62,5.34,73.72,0,2025-01-25 16:00:00,0,147077,53.21,Zone_D,92.8,16,5,1,557.48,442.68,508.59,502.91666666666674,2404.7464,174.1908,0,0.09527646468987251,540.04,0
540.04,35.42,8.41,66.8,0,2025-01-25 17:00:00,0,53465,55.81,Zone_B,87.95,17,5,1,540.04,557.48,442.68,513.4000000000001,2366.056,297.8822,0,0.10315318645571493,624.5,0
624.5,15.82,13.46,72.09,1,2025-01-25 18:00:00,0,118247,66.44,Zone_B,72.95,18,5,1,624.5,540.04,557.48,574.0066666666668,1140.4638,212.93720000000002,0,0.10621902478017585,438.8,1
438.8,23.94,9.59,62.0,0,2025-01-25 19:00:00,0,101559,70.78,Zone_B,84.6,19,5,1,438.8,624.5,540.04,534.4466666666667,1484.28,229.5846,0,0.16093678944974987,467.62,0
467.62,33.71,2.79,73.84,1,2025-01-25 20:00:00,0,75198,47.22,Zone_B,80.28,20,5,1,467.62,438.8,624.5,510.3066666666668,2489.1464,94.0509,0,0.10076394520080235,382.55,0
382.55,42.34,11.78,60.63,0,2025-01-25 21:00:00,0,104740,78.01,Zone_C,87.65,21,5,1,382.55,467.62,438.8,429.65666666666675,2567.0742000000005,498.7652,0,0.20338938860643985,446.68,0
446.68,30.12,20.05,70.48,0,2025-01-25 22:00:00,0,72488,66.54,Zone_D,78.53,22,5,1,446.68,382.55,467.62,432.2833333333335,2122.8576000000003,603.9060000000001,0,0.14863295210864905,545.28,1
545.28,25.63,13.74,84.06,0,2025-01-25 23:00:00,0,88515,34.12,Zone_D,76.79,23,5,1,545.28,446.68,382.55,458.1700000000001,2154.4578,352.1562,0,0.062458812330672915,590.84,1
590.84,28.9,1.27,85.27,0,2025-01-26 00:00:00,0,139144,48.28,Zone_A,68.48,0,6,1,590.84,545.28,446.68,527.6,2464.303,36.702999999999996,0,0.08157610164909435,389.34,1
389.34,38.25,9.5,66.22,0,2025-01-26 01:00:00,0,77898,55.93,Zone_D,94.77,1,6,1,389.34,590.84,545.28,508.48666666666674,2532.915,363.375,0,0.14328534098478252,604.35,0
604.35,26.12,1.54,75.38,0,2025-01-26 02:00:00,0,51919,63.69,Zone_A,81.8,2,6,1,604.35,389.34,590.84,528.1766666666667,1968.9256,40.2248,0,0.10521186090691335,662.68,0
662.68,25.2,4.43,82.84,0,2025-01-26 03:00:00,0,100070,99.01,Zone_B,86.26,3,6,1,662.68,604.35,389.34,552.1233333333333,2087.568,111.636,0,0.14918334136933464,549.61,0
549.61,27.1,8.2,66.46,0,2025-01-26 04:00:00,0,112613,69.29,Zone_C,84.98,4,6,1,549.61,662.68,604.35,605.5466666666667,1801.066,222.22,0,0.12584224768892682,725.22,0
725.22,24.28,7.3,81.36,0,2025-01-26 05:00:00,0,146707,49.87,Zone_C,76.46,5,6,1,725.22,549.61,662.68,645.8366666666667,1975.4208,177.244,0,0.06867065076698521,407.15,1
407.15,30.74,13.53,78.83,0,2025-01-26 06:00:00,0,136135,68.97,Zone_B,74.93,6,6,1,407.15,725.22,549.61,560.6600000000001,2423.2342,415.9122,0,0.16898199191473723,350.64,1
350.64,39.75,20.12,72.64,0,2025-01-26 07:00:00,0,132501,58.66,Zone_A,76.96,7,6,1,350.64,407.15,725.22,494.33666666666676,2887.44,799.7700000000001,0,0.16681833693550221,286.55,1
286.55,31.94,8.91,57.96,0,2025-01-26 08:00:00,0,97003,70.85,Zone_B,79.21,8,6,1,286.55,350.64,407.15,348.1133333333334,1851.2424,284.5854,0,0.2463919318379412,679.53,1
679.53,28.49,4.11,70.12,1,2025-01-26 09:00:00,0,98478,75.45,Zone_C,87.93,9,6,1,679.53,286.55,350.64,438.90666666666675,1997.7188,117.0939,0,0.11086946938415647,578.52,0
578.52,28.25,0.4,69.37,0,2025-01-26 10:00:00,0,64434,86.77,Zone_C,78.63,10,6,1,578.52,679.53,286.55,514.8666666666667,1959.7025,11.3,0,0.14972736057426836,493.33,1
493.33,20.62,16.24,83.3,1,2025-01-26 11:00:00,0,96246,64.56,Zone_D,98.97,11,6,1,493.33,578.52,679.53,583.7933333333334,1717.646,334.86879999999996,0,0.13060101551595088,533.6,0
533.6,35.3,5.36,74.61,0,2025-01-26 12:00:00,0,86649,94.5,Zone_A,93.22,12,6,1,533.6,493.33,578.52,535.1500000000001,2633.7329999999997,189.208,0,0.17676767676767677,364.94,0
364.94,29.53,5.63,87.35,0,2025-01-26 13:00:00,0,109030,81.34,Zone_D,91.47,13,6,1,364.94,533.6,493.33,463.95666666666676,2579.4455,166.25390000000002,0,0.22227687599059956,793.49,0
793.49,28.92,6.06,71.91,1,2025-01-26 14:00:00,0,103061,52.27,Zone_C,84.04,14,6,1,793.49,364.94,533.6,564.0100000000001,2079.6372,175.2552,0,0.065790632984682,515.51,0
515.51,45.0,8.57,59.02,1,2025-01-26 15:00:00,0,51999,100.0,Zone_C,97.11,15,6,1,515.51,793.49,364.94,557.9800000000001,2655.9,385.65000000000003,0,0.19360709376391552,513.13,0
513.13,31.79,8.78,82.76,0,2025-01-26 16:00:00,0,64849,70.89,Zone_D,83.26,16,6,1,513.13,515.51,793.49,607.3766666666667,2630.9404,279.1162,0,0.13788341470056212,587.09,0
587.09,25.49,4.5,80.98,0,2025-01-26 17:00:00,1,126439,49.97,Zone_D,84.75,17,6,1,587.09,513.13,515.51,538.5766666666667,2064.1802,114.705,0,0.08496998758693397,557.72,0
557.72,27.44,5.31,87.19,1,2025-01-26 18:00:00,0,102800,94.75,Zone_C,86.36,18,6,1,557.72,587.09,513.13,552.6466666666668,2392.4936000000002,145.7064,0,0.169584049255441,526.87,0
526.87,36.89,3.15,71.8,1,2025-01-26 19:00:00,1,55445,100.0,Zone_D,90.61,19,6,1,526.87,557.72,587.09,557.2266666666668,2648.7019999999998,116.2035,0,0.1894405819614678,405.14,0
405.14,30.68,2.79,65.2,0,2025-01-26 20:00:00,0,68040,64.41,Zone_D,90.1,20,6,1,405.14,526.87,557.72,496.57666666666677,2000.336,85.5972,0,0.15859063377160584,556.58,0
556.58,21.37,2.77,71.24,0,2025-01-26 21:00:00,0,114315,55.93,Zone_A,81.2,21,6,1,556.58,405.14,526.87,496.1966666666667,1522.3988,59.194900000000004,0,0.10030847591377022,725.84,0
725.84,35.52,5.26,58.18,0,2025-01-26 22:00:00,0,50246,61.9,Zone_C,80.74,22,6,1,725.84,556.58,405.14,562.5200000000001,2066.5536,186.83520000000001,0,0.08516317208739199,661.45,0
661.45,25.99,2.21,83.5,0,2025-01-26 23:00:00,0,81153,77.87,Zone_B,90.12,23,6,1,661.45,725.84,556.58,647.9566666666668,2170.165,57.4379,0,0.11754849422597932,691.18,0
691.18,41.24,4.03,75.52,0,2025-01-27 00:00:00,0,55212,88.0,Zone_A,90.72,0,0,1,691.18,661.45,725.84,692.8233333333334,3114.4447999999998,166.1972,0,0.12713456037446907,438.65,0
438.65,36.48,1.38,84.61,0,2025-01-27 01:00:00,0,53339,75.27,Zone_B,81.85,1,0,1,438.65,691.18,661.45,597.0933333333334,3086.5728,50.34239999999999,0,0.1712043671102013,381.25,0
381.25,27.32,6.44,83.89,0,2025-01-27 02:00:00,0,138678,66.83,Zone_D,72.3,2,0,1,381.25,438.65,691.18,503.69333333333344,2291.8748,175.94080000000002,0,0.1748332243296272,484.91,1
484.91,37.69,3.13,78.15,1,2025-01-27 03:00:00,0,106238,91.96,Zone_D,83.34,3,0,1,484.91,381.25,438.65,434.9366666666667,2945.4735,117.96969999999999,0,0.1892531538762322,506.69,0
506.69,30.41,8.66,70.03,0,2025-01-27 04:00:00,1,69394,59.37,Zone_B,89.99,4,0,1,506.69,484.91,381.25,457.6166666666668,2129.6123000000002,263.3506,0,0.11694144064291201,631.3,0
631.3,35.12,1.56,61.66,0,2025-01-27 05:00:00,1,103871,83.56,Zone_D,99.44,5,0,1,631.3,506.69,484.91,540.9666666666667,2165.4991999999997,54.7872,0,0.1321524592756603,296.9,0
296.9,32.91,0.57,79.47,1,2025-01-27 06:00:00,0,127722,59.81,Zone_D,75.42,6,0,1,296.9,631.3,506.69,478.2966666666667,2615.3576999999996,18.758699999999997,0,0.20077207116482043,683.55,1
683.55,24.92,5.33,82.4,1,2025-01-27 07:00:00,0,84607,72.76,Zone_A,81.59,7,0,1,683.55,296.9,631.3,537.25,2053.4080000000004,132.8236,0,0.10628880286319481,481.04,0
481.04,26.14,3.86,78.95,0,2025-01-27 08:00:00,0,102055,62.96,Zone_B,81.88,8,0,1,481.04,683.55,296.9,487.1633333333334,2063.753,100.9004,0,0.13061156750477138,448.77,0
448.77,36.18,1.22,73.16,0,2025-01-27 09:00:00,0,54395,63.99,Zone_A,95.85,9,0,1,448.77,481.04,683.55,537.7866666666667,2646.9287999999997,44.1396,0,0.1422727171665518,378.55,0
378.55,27.99,11.11,79.19,0,2025-01-27 10:00:00,0,65290,58.21,Zone_B,84.72,10,0,1,378.55,448.77,481.04,436.12000000000006,2216.5281,310.96889999999996,0,0.15336582795415624,301.42,0
301.42,27.58,1.92,87.21,0,2025-01-27 11:00:00,0,137687,89.21,Zone_A,77.74,11,0,1,301.42,378.55,448.77,376.2466666666667,2405.2517999999995,52.953599999999994,0,0.2949871040275114,598.78,1
598.78,24.27,2.64,89.94,0,2025-01-27 12:00:00,0,115078,51.81,Zone_C,89.47,12,0,1,598.78,301.42,378.55,426.25000000000006,2182.8438,64.0728,0,0.08638167328020274,508.8,0
508.8,32.54,12.85,77.32,0,2025-01-27 13:00:00,1,53691,51.68,Zone_C,81.76,13,0,1,508.8,598.78,301.42,469.66666666666674,2515.9927999999995,418.13899999999995,0,0.10137308748528835,345.2,0
345.2,42.38,9.08,71.87,0,2025-01-27 14:00:00,0,57470,100.0,Zone_B,75.2,14,0,1,345.2,508.8,598.78,484.26000000000005,3045.8506,384.8104,0,0.28885037550548814,344.59,1
344.59,23.59,1.67,84.24,0,2025-01-27 15:00:00,0,53841,82.6,Zone_C,77.86,15,0,1,344.59,345.2,508.8,399.53000000000003,1987.2215999999999,39.3953,0,0.23901154547295927,459.71,1
459.71,30.15,4.22,71.19,0,2025-01-27 16:00:00,0,113197,22.07,Zone_A,98.87,16,0,1,459.71,344.59,345.2,383.1666666666667,2146.3785,127.23299999999999,1,0.04790432159058844,700.28,0
700.28,38.47,1.46,74.27,0,2025-01-27 17:00:00,0,105773,54.83,Zone_B,88.07,17,0,1,700.28,459.71,344.59,501.52666666666664,2857.1668999999997,56.166199999999996,0,0.07818560346794433,468.85,0
468.85,29.52,12.11,64.23,0,2025-01-27 18:00:00,0,67776,32.38,Zone_C,85.86,18,0,1,468.85,700.28,459.71,542.9466666666667,1896.0696,357.4872,0,0.06891561136532937,319.62,0
319.62,32.71,12.11,81.26,0,2025-01-27 19:00:00,0,121596,47.89,Zone_C,83.0,19,0,1,319.62,468.85,700.28,496.25,2658.0146000000004,396.11809999999997,0,0.14936685172478323,470.51,0
470.51,23.63,22.34,70.54,0,2025-01-27 20:00:00,0,77584,10.0,Zone_B,87.34,20,0,1,470.51,319.62,468.85,419.66,1666.8602,527.8942,1,0.02120845793302369,467.27,0
467.27,32.57,28.87,75.23,1,2025-01-27 21:00:00,1,54300,62.53,Zone_C,87.24,21,0,1,467.27,470.51,319.62,419.1333333333334,2450.2411,940.2959000000001,0,0.13353407222329,176.37,0
176.37,28.88,3.09,69.14,0,2025-01-27 22:00:00,0,53338,44.45,Zone_C,87.34,22,0,1,176.37,467.27,470.51,371.3833333333334,1996.7631999999999,89.2392,0,0.25060607769070303,493.48,0
493.48,35.91,10.59,74.7,1,2025-01-27 23:00:00,0,112601,66.08,Zone_B,85.92,23,0,1,493.48,176.37,467.27,379.04,2682.477,380.28689999999995,0,0.13363533408833522,472.29,0
472.29,37.12,0.43,69.03,1,2025-01-28 00:00:00,0,55487,35.75,Zone_C,91.95,0,1,1,472.29,493.48,176.37,380.71333333333337,2562.3936,15.961599999999999,0,0.0755350841978491,583.54,0
583.54,45.0,6.89,50.24,0,2025-01-28 01:00:00,0,86282,66.49,Zone_C,85.18,1,1,1,583.54,472.29,493.48,516.4366666666666,2260.8,310.05,0,0.11374756218565026,721.87,0
721.87,33.48,8.45,75.58,0,2025-01-28 02:00:00,0,145065,57.53,Zone_C,77.18,2,1,1,721.87,583.54,472.29,592.5666666666667,2530.4183999999996,282.90599999999995,0,0.0795855409686389,635.19,1
635.19,31.95,2.05,68.81,0,2025-01-28 03:00:00,0,145798,92.04,Zone_C,80.1,3,1,1,635.19,721.87,583.54,646.8666666666667,2198.4795,65.49749999999999,0,0.14467376098335402,467.73,0
467.73,31.17,2.89,81.12,0,2025-01-28 04:00:00,0,126816,90.4,Zone_D,69.17,4,1,1,467.73,635.19,721.87,608.2633333333334,2528.5104,90.08130000000001,0,0.19286156209331598,367.22,1
367.22,27.88,12.17,76.71,1,2025-01-28 05:00:00,1,78804,79.14,Zone_B,100.0,5,1,1,367.22,467.73,635.19,490.0466666666667,2138.6748,339.2996,0,0.2149258595404921,808.8,0
808.8,32.03,8.63,76.54,0,2025-01-28 06:00:00,0,59915,59.12,Zone_D,91.9,6,1,1,808.8,367.22,467.73,547.9166666666666,2451.5762000000004,276.4189,0,0.07300568041491727,507.11,0
507.11,28.23,20.26,68.76,0,2025-01-28 07:00:00,0,61158,100.0,Zone_D,78.36,7,1,1,507.11,808.8,367.22,561.0433333333334,1941.0948,571.9398000000001,0,0.19680777784338035,501.67,1
501.67,31.01,18.53,69.48,0,2025-01-28 08:00:00,0,124157,37.05,Zone_A,82.75,8,1,1,501.67,507.11,808.8,605.86,2154.5748000000003,574.6153,0,0.07370640778244175,497.1,0
497.1,37.91,0.68,65.01,0,2025-01-28 09:00:00,0,60547,39.74,Zone_D,79.9,9,1,1,497.1,501.67,507.11,501.96000000000004,2464.5291,25.7788,0,0.07978317606906243,523.77,1
523.77,23.96,3.43,86.69,0,2025-01-28 10:00:00,0,138713,63.49,Zone_D,97.34,10,1,1,523.77,497.1,501.67,507.5133333333333,2077.0924,82.1828,0,0.12098633687139128,482.68,0
482.68,36.84,1.8,82.95,0,2025-01-28 11:00:00,0,52459,100.0,Zone_A,73.64,11,1,1,482.68,523.77,497.1,501.18333333333334,3055.8780000000006,66.31200000000001,0,0.20674826331458815,431.16,1
431.16,37.9,10.96,62.24,0,2025-01-28 12:00:00,0,78768,61.36,Zone_C,85.92,12,1,1,431.16,482.68,523.77,479.2033333333334,2358.896,415.384,0,0.14198445020362827,434.38,0
434.38,29.29,7.5,84.18,1,2025-01-28 13:00:00,0,113146,61.7,Zone_C,84.13,13,1,1,434.38,431.16,482.68,449.40666666666675,2465.6322,219.67499999999998,0,0.141715283200882,496.07,0
496.07,17.27,1.96,67.83,0,2025-01-28 14:00:00,0,100870,39.05,Zone_D,91.61,14,1,1,496.07,434.38,431.16,453.87000000000006,1171.4241,33.849199999999996,0,0.07856036373146638,434.79,0
434.79,26.35,2.35,68.36,0,2025-01-28 15:00:00,0,100460,82.03,Zone_A,84.17,15,1,1,434.79,496.07,434.38,455.0800000000001,1801.286,61.92250000000001,0,0.18823286445306225,414.46,0
414.46,37.78,15.52,61.1,0,2025-01-28 16:00:00,0,132970,82.16,Zone_C,70.93,16,1,1,414.46,434.79,496.07,448.44000000000005,2308.358,586.3456,0,0.1977567034130843,512.77,1
512.77,29.86,3.85,64.29,0,2025-01-28 17:00:00,0,110817,79.2,Zone_A,82.99,17,1,1,512.77,414.46,434.79,454.0066666666667,1919.6994000000002,114.961,0,0.15415458278996438,469.4,0
469.4,24.0,0.31,67.13,0,2025-01-28 18:00:00,0,88247,53.67,Zone_B,77.22,18,1,1,469.4,512.77,414.46,465.54333333333335,1611.12,7.4399999999999995,0,0.11409438775510206,680.48,1
680.48,26.97,1.75,80.73,0,2025-01-28 19:00:00,0,65419,52.28,Zone_B,85.64,19,1,1,680.48,469.4,512.77,554.2166666666667,2177.2881,47.1975,0,0.07671538416387862,181.88,0
181.88,35.04,23.44,69.25,0,2025-01-28 20:00:00,0,85577,41.72,Zone_B,96.47,20,1,1,181.88,680.48,469.4,443.9200000000001,2426.52,821.3376000000001,0,0.22812773403324585,630.98,0
630.98,33.28,13.14,75.41,0,2025-01-28 21:00:00,0,52921,66.51,Zone_B,71.08,21,1,1,630.98,181.88,680.48,497.78000000000003,2509.6448,437.29920000000004,0,0.10524067217317004,649.53,1
649.53,28.57,1.34,81.67,0,2025-01-28 22:00:00,0,54676,45.55,Zone_D,78.6,22,1,1,649.53,630.98,181.88,487.46333333333337,2333.3119,38.2838,0,0.07001982998478164,251.19,1
251.19,27.8,6.89,78.89,1,2025-01-28 23:00:00,0,135961,43.81,Zone_B,80.58,23,1,1,251.19,649.53,630.98,510.5666666666668,2193.1420000000003,191.542,0,0.17371822831991754,458.88,0
458.88,27.65,12.51,82.14,0,2025-01-29 00:00:00,0,99684,57.37,Zone_B,81.95,0,2,1,458.88,251.19,649.53,453.20000000000005,2271.171,345.9015,0,0.12474993476559101,455.43,0
455.43,24.47,13.62,78.87,0,2025-01-29 01:00:00,0,63463,56.2,Zone_A,90.92,1,2,1,455.43,458.88,251.19,388.5,1929.9489,333.28139999999996,0,0.12312950507197161,331.1,0
331.1,39.69,8.56,57.75,0,2025-01-29 02:00:00,0,75474,55.32,Zone_C,83.61,2,2,1,331.1,455.43,458.88,415.1366666666667,2292.0975,339.7464,0,0.16657633242999095,406.66,0
406.66,28.07,2.7,85.01,1,2025-01-29 03:00:00,0,90935,73.4,Zone_A,88.33,3,2,1,406.66,331.1,455.43,397.7300000000001,2386.2307,75.789,0,0.1800520041210813,366.73,0
366.73,37.3,9.74,64.44,0,2025-01-29 04:00:00,0,117005,66.42,Zone_D,79.99,4,2,1,366.73,406.66,331.1,368.1633333333334,2403.6119999999996,363.30199999999996,0,0.180621651755364,710.27,1
710.27,39.13,7.6,60.21,0,2025-01-29 05:00:00,0,108596,59.81,Zone_B,86.84,5,2,1,710.27,366.73,406.66,494.55333333333346,2356.0173,297.38800000000003,0,0.08408902385873157,612.28,0
612.28,35.99,8.05,68.78,1,2025-01-29 06:00:00,0,122828,68.29,Zone_C,91.22,6,2,1,612.28,710.27,366.73,563.0933333333334,2475.3922000000002,289.71950000000004,0,0.11135207409339944,652.59,0
652.59,27.41,6.67,69.77,1,2025-01-29 07:00:00,0,140945,47.15,Zone_C,79.14,7,2,1,652.59,612.28,710.27,658.38,1912.3956999999998,182.8247,0,0.07214002662219433,586.6,1
586.6,32.42,2.25,69.72,1,2025-01-29 08:00:00,0,139062,66.9,Zone_B,91.25,8,2,1,586.6,652.59,612.28,617.1566666666668,2260.3224,72.94500000000001,0,0.11385296119809395,364.51,0
364.51,29.85,2.77,77.87,0,2025-01-29 09:00:00,0,105152,67.71,Zone_B,85.42,9,2,1,364.51,586.6,652.59,534.5666666666667,2324.4195000000004,82.6845,0,0.18524800963037946,437.06,0
437.06,24.58,4.64,82.12,0,2025-01-29 10:00:00,0,139001,37.95,Zone_D,93.36,10,2,1,437.06,364.51,586.6,462.72333333333336,2018.5095999999999,114.05119999999998,0,0.08663196822353103,558.72,0
558.72,31.95,6.09,66.26,1,2025-01-29 11:00:00,0,146491,82.92,Zone_D,83.39,11,2,1,558.72,437.06,364.51,453.43,2117.007,194.5755,0,0.14814550132208962,353.34,0
353.34,22.93,10.22,76.76,1,2025-01-29 12:00:00,1,142321,49.13,Zone_B,88.05,12,2,1,353.34,558.72,437.06,449.7066666666667,1760.1068,234.3446,0,0.1386521420104984,585.56,0
585.56,37.13,23.85,77.89,0,2025-01-29 13:00:00,0,136569,66.63,Zone_B,84.68,13,2,1,585.56,353.34,558.72,499.2066666666667,2892.0557000000003,885.5505000000002,0,0.11359451718494272,471.16,0
471.16,27.21,7.17,81.2,0,2025-01-29 14:00:00,0,122467,85.96,Zone_B,84.23,14,2,1,471.16,585.56,353.34,470.02000000000004,2209.452,195.0957,0,0.18205692985428665,455.02,0
455.02,31.21,10.07,90.63,0,2025-01-29 15:00:00,1,102576,81.66,Zone_B,87.07,15,2,1,455.02,471.16,585.56,503.9133333333334,2828.5623,314.28470000000004,0,0.17907109337309768,585.32,0
585.32,31.7,12.01,83.08,1,2025-01-29 16:00:00,0,116627,65.62,Zone_C,89.29,16,2,1,585.32,455.02,471.16,503.8333333333334,2633.636,380.717,0,0.11191840633101378,553.31,0
553.31,28.45,10.66,85.4,0,2025-01-29 17:00:00,0,75772,58.48,Zone_D,75.0,17,2,1,553.31,585.32,455.02,531.2166666666667,2429.63,303.277,0,0.10550053219317711,456.68,1
456.68,33.52,2.15,61.08,0,2025-01-29 18:00:00,0,66363,82.06,Zone_B,96.47,18,2,1,456.68,553.31,585.32,531.7700000000001,2047.4016000000001,72.068,0,0.17929557769620696,639.12,0
639.12,27.15,16.64,83.39,0,2025-01-29 19:00:00,0,78490,77.14,Zone_B,70.12,19,2,1,639.12,456.68,553.31,549.7033333333334,2264.0385,451.776,0,0.12050865462725739,370.27,1
370.27,35.23,14.71,70.39,0,2025-01-29 20:00:00,0,109004,53.87,Zone_C,79.52,20,2,1,370.27,639.12,456.68,488.69000000000005,2479.8397,518.2333,0,0.14509656045465563,573.91,1
573.91,21.92,6.59,77.05,0,2025-01-29 21:00:00,1,103806,50.69,Zone_A,84.25,21,2,1,573.91,370.27,639.12,527.7666666666668,1688.9360000000001,144.4528,0,0.0881703223113183,571.17,0
571.17,30.76,2.31,75.74,0,2025-01-29 22:00:00,0,50260,27.7,Zone_B,88.3,22,2,1,571.17,573.91,370.27,505.11666666666673,2329.7624,71.0556,1,0.04841218518971634,462.85,0
462.85,41.63,6.0,73.25,0,2025-01-29 23:00:00,0,125992,67.77,Zone_C,97.61,23,2,1,462.85,571.17,573.91,535.9766666666668,3049.3975,249.78000000000003,0,0.14610326614207178,539.14,0
539.14,24.0,0.81,83.81,0,2025-01-30 00:00:00,0,72320,63.51,Zone_C,70.13,0,3,1,539.14,462.85,571.17,524.3866666666668,2011.44,19.44,0,0.11758062724478839,349.87,1
349.87,25.93,18.3,71.23,0,2025-01-30 01:00:00,0,128971,85.45,Zone_A,80.94,1,3,1,349.87,539.14,462.85,450.62000000000006,1846.9939000000002,474.519,0,0.24353749251859663,610.88,0
610.88,33.08,3.06,78.47,0,2025-01-30 02:00:00,0,92145,71.46,Zone_D,67.99,2,3,1,610.88,349.87,539.14,499.9633333333334,2595.7875999999997,101.2248,0,0.11678760541282604,477.81,1
477.81,31.08,4.41,69.04,0,2025-01-30 03:00:00,1,113688,89.02,Zone_D,85.25,3,3,1,477.81,610.88,349.87,479.52000000000004,2145.7632,137.0628,0,0.1859192581608571,437.27,0
437.27,32.1,17.34,75.05,0,2025-01-30 04:00:00,1,98581,52.45,Zone_D,87.17,4,3,1,437.27,477.81,610.88,508.65333333333336,2409.105,556.614,0,0.11967508613411824,625.88,0
625.88,32.94,15.8,70.23,0,2025-01-30 05:00:00,0,142561,85.49,Zone_B,97.73,5,3,1,625.88,437.27,477.81,513.6533333333334,2313.3762,520.452,0,0.13637378764675853,415.48,0
415.48,33.81,7.86,70.2,0,2025-01-30 06:00:00,1,143645,55.48,Zone_D,85.97,6,3,1,415.48,625.88,437.27,492.8766666666668,2373.4620000000004,265.7466,0,0.13321167883211676,330.98,0
330.98,36.66,20.38,75.8,0,2025-01-30 07:00:00,0,70754,79.0,Zone_B,93.35,7,3,1,330.98,415.48,625.88,457.4466666666668,2778.8279999999995,747.1307999999999,0,0.23796614253870713,313.2,0
313.2,32.46,2.07,64.71,0,2025-01-30 08:00:00,0,119837,38.74,Zone_B,89.67,8,3,1,313.2,330.98,415.48,353.2200000000001,2100.4865999999997,67.1922,0,0.12329726288987906,572.72,0
572.72,28.55,7.86,91.72,1,2025-01-30 09:00:00,0,57207,69.23,Zone_C,81.52,9,3,1,572.72,313.2,330.98,405.63333333333344,2618.606,224.40300000000002,0,0.12066861883845778,346.35,0
346.35,34.04,2.09,57.2,0,2025-01-30 10:00:00,0,77920,29.28,Zone_D,73.73,10,3,1,346.35,572.72,313.2,410.75666666666683,1947.088,71.14359999999999,1,0.08429537930041744,710.58,1
710.58,41.4,14.03,61.1,1,2025-01-30 11:00:00,0,137739,60.19,Zone_D,87.2,11,3,1,710.58,346.35,572.72,543.2166666666668,2529.54,580.842,0,0.08458641333370807,250.17,0
250.17,29.2,13.65,78.6,0,2025-01-30 12:00:00,0,137081,72.93,Zone_D,73.06,12,3,1,250.17,710.58,346.35,435.7000000000001,2295.12,398.58,0,0.29036111000517584,703.57,1
703.57,24.15,21.45,84.35,1,2025-01-30 13:00:00,0,74016,55.62,Zone_B,95.36,13,3,1,703.57,250.17,710.58,554.7733333333334,2037.0524999999998,518.0174999999999,0,0.07894176589976865,525.32,0
525.32,36.64,5.83,68.88,1,2025-01-30 14:00:00,0,146634,46.09,Zone_B,83.7,14,3,1,525.32,703.57,250.17,493.02000000000015,2523.7632,213.6112,0,0.0875702994376045,488.39,0
488.39,29.28,25.91,75.12,0,2025-01-30 15:00:00,0,110522,80.23,Zone_D,94.56,15,3,1,488.39,525.32,703.57,572.4266666666667,2199.5136,758.6448,0,0.16393878093136355,434.61,0
434.61,16.96,1.89,88.71,0,2025-01-30 16:00:00,1,124092,63.14,Zone_B,81.16,16,3,1,434.61,488.39,525.32,482.77333333333337,1504.5216,32.0544,0,0.14494616744335528,547.9,0
547.9,35.08,5.55,69.08,0,2025-01-30 17:00:00,0,104068,56.19,Zone_B,87.15,17,3,1,547.9,434.61,488.39,490.3,2423.3264,194.694,0,0.10236837310985608,495.48,0
495.48,26.79,1.97,88.72,0,2025-01-30 18:00:00,0,70102,65.75,Zone_A,86.67,18,3,1,495.48,547.9,434.61,492.6633333333334,2376.8088,52.7763,0,0.13243232355784723,632.4,0
632.4,29.46,6.96,82.15,1,2025-01-30 19:00:00,0,51924,100.0,Zone_A,84.64,19,3,1,632.4,495.48,547.9,558.5933333333334,2420.139,205.04160000000002,0,0.15787811809283234,513.71,0
513.71,31.99,2.19,80.39,1,2025-01-30 20:00:00,0,135015,85.76,Zone_D,81.54,20,3,1,513.71,632.4,495.48,547.1966666666667,2571.6760999999997,70.0581,0,0.16661809562666355,518.04,0
518.04,31.14,14.06,66.36,1,2025-01-30 21:00:00,0,104333,85.93,Zone_D,88.14,21,3,1,518.04,513.71,632.4,554.7166666666667,2066.4504,437.82840000000004,0,0.16555564118372382,456.37,0
456.37,34.26,8.79,70.96,0,2025-01-30 22:00:00,0,134458,72.84,Zone_A,77.59,22,3,1,456.37,518.04,513.71,496.04,2431.0896,301.14539999999994,0,0.15925836849815247,493.17,1
493.17,27.39,1.7,74.69,1,2025-01-30 23:00:00,0,134196,68.0,Zone_B,75.32,23,3,1,493.17,456.37,518.04,489.1933333333334,2045.7591,46.563,0,0.13760446809802293,536.94,1
536.94,33.08,11.6,64.49,1,2025-01-31 00:00:00,0,96099,21.87,Zone_B,94.94,0,4,1,536.94,493.17,456.37,495.4933333333334,2133.3291999999997,383.72799999999995,1,0.04065509164590846,294.78,0
294.78,28.44,19.32,79.13,0,2025-01-31 01:00:00,0,107346,52.78,Zone_C,90.82,1,4,1,294.78,536.94,493.17,441.63000000000005,2250.4572,549.4608000000001,0,0.17844343769017515,338.22,0
338.22,34.43,9.52,67.15,0,2025-01-31 02:00:00,0,125481,56.35,Zone_D,85.53,2,4,1,338.22,294.78,536.94,389.9800000000001,2311.9745000000003,327.7736,0,0.16611638464713166,589.19,0
589.19,33.69,1.13,77.29,1,2025-01-31 03:00:00,0,100062,31.25,Zone_D,98.32,3,4,1,589.19,338.22,294.78,407.39666666666676,2603.9001,38.06969999999999,0,0.05294905030583371,520.5,0
520.5,24.39,5.07,70.93,0,2025-01-31 04:00:00,0,50306,44.17,Zone_D,82.86,4,4,1,520.5,589.19,338.22,482.63666666666677,1729.9827000000002,123.6573,0,0.08469798657718121,477.92,0
477.92,36.52,10.54,83.54,1,2025-01-31 05:00:00,0,138495,29.34,Zone_C,95.58,5,4,1,477.92,520.5,589.19,529.2033333333335,3050.8808000000004,384.9208,1,0.06126284139313455,502.21,0
502.21,26.78,4.62,70.4,0,2025-01-31 06:00:00,0,119767,64.31,Zone_C,86.4,6,4,1,502.21,477.92,520.5,500.21000000000004,1885.3120000000001,123.7236,0,0.12779952703642616,541.71,0
541.71,34.85,1.86,72.88,1,2025-01-31 07:00:00,0,62207,79.74,Zone_B,76.8,7,4,1,541.71,502.21,477.92,507.28000000000003,2539.868,64.82100000000001,0,0.14692929925743028,435.23,1
435.23,32.2,15.32,79.57,0,2025-01-31 08:00:00,1,89426,84.92,Zone_A,99.78,8,4,1,435.23,541.71,502.21,493.05,2562.154,493.30400000000003,0,0.19466795039314122,406.6,0
406.6,41.03,4.43,61.61,0,2025-01-31 09:00:00,0,56336,72.47,Zone_A,92.93,9,4,1,406.6,435.23,541.71,461.1800000000001,2527.8583,181.7629,0,0.17779685966633954,523.5,0
523.5,28.66,19.33,82.89,0,2025-01-31 10:00:00,0,125166,47.66,Zone_A,84.03,10,4,1,523.5,406.6,435.23,455.1100000000001,2375.6274,553.9978,0,0.09086749285033364,382.6,0
382.6,27.9,3.45,66.84,1,2025-01-31 11:00:00,0,67256,30.22,Zone_B,90.82,11,4,1,382.6,523.5,406.6,437.5666666666668,1864.836,96.255,0,0.07877997914494264,548.99,0
548.99,29.88,4.18,86.71,1,2025-01-31 12:00:00,0,149445,33.38,Zone_A,81.77,12,4,1,548.99,382.6,523.5,485.03000000000003,2590.8947999999996,124.89839999999998,0,0.06069201258204695,295.69,0
295.69,28.18,3.18,76.57,0,2025-01-31 13:00:00,0,99817,42.16,Zone_C,91.63,13,4,1,295.69,548.99,382.6,409.0933333333334,2157.7425999999996,89.61240000000001,0,0.1421011830530183,623.5,0
623.5,34.8,4.98,66.39,0,2025-01-31 14:00:00,1,83719,49.0,Zone_C,65.87,14,4,1,623.5,295.69,548.99,489.39333333333343,2310.372,173.304,0,0.07846277021617294,556.71,1
556.71,20.3,8.67,80.36,1,2025-01-31 15:00:00,1,92017,62.12,Zone_D,76.84,15,4,1,556.71,623.5,295.69,491.9666666666667,1631.308,176.001,0,0.11138405264384715,530.72,1
530.72,23.68,1.98,86.53,0,2025-01-31 16:00:00,0,95704,46.75,Zone_A,92.83,16,4,1,530.72,556.71,623.5,570.3100000000001,2049.0304,46.8864,0,0.08792221469946589,617.92,0
617.92,23.59,1.56,75.45,1,2025-01-31 17:00:00,0,80013,71.1,Zone_C,83.0,17,4,1,617.92,530.72,556.71,568.45,1779.8655,36.8004,0,0.11487752859820333,699.86,0
699.86,35.7,0.64,64.44,0,2025-01-31 18:00:00,0,129991,60.82,Zone_D,86.66,18,4,1,699.86,617.92,530.72,616.1666666666666,2300.5080000000003,22.848000000000003,0,0.08677909996290271,621.72,0
621.72,40.26,0.52,65.02,0,2025-01-31 19:00:00,0,120258,65.19,Zone_A,74.23,19,4,1,621.72,699.86,617.92,646.5,2617.7052,20.9352,0,0.10468589414182938,279.1,1
279.1,29.37,1.15,66.09,0,2025-01-31 20:00:00,0,128348,85.52,Zone_A,99.78,20,4,1,279.1,621.72,699.86,533.5600000000001,1941.0633000000003,33.7755,0,0.3053195287397358,346.45,0
346.45,28.99,3.43,90.37,0,2025-01-31 21:00:00,0,145812,43.76,Zone_C,94.52,21,4,1,346.45,279.1,621.72,415.7566666666667,2619.8263,99.4357,0,0.12594617930637503,425.02,0
425.02,30.42,6.85,70.13,1,2025-01-31 22:00:00,0,86776,72.54,Zone_D,83.39,22,4,1,425.02,346.45,279.1,350.19000000000005,2133.3546,208.377,0,0.17027369607060702,503.13,0
503.13,36.97,8.27,76.08,0,2025-01-31 23:00:00,0,60060,64.75,Zone_D,81.76,23,4,1,503.13,425.02,346.45,424.86666666666673,2812.6776,305.7419,0,0.12843909309106777,562.12,0
562.12,24.44,6.57,81.13,0,2025-02-01 00:00:00,0,128592,59.0,Zone_C,93.24,0,5,2,562.12,503.13,425.02,496.75666666666666,1982.8172,160.57080000000002,0,0.10477340531325473,412.91,0
412.91,31.43,17.7,65.98,1,2025-02-01 01:00:00,0,56655,80.93,Zone_C,100.0,1,5,2,412.91,562.12,503.13,492.72,2073.7514,556.3109999999999,0,0.1955255973520814,522.41,0
522.41,35.85,22.05,70.27,0,2025-02-01 02:00:00,0,138110,80.82,Zone_C,92.63,2,5,2,522.41,412.91,562.12,499.1466666666667,2519.1794999999997,790.4925000000001,0,0.15441050037255688,409.35,0
409.35,33.01,4.45,78.87,0,2025-02-01 03:00:00,0,99923,47.96,Zone_A,100.0,3,5,2,409.35,522.41,412.91,448.22333333333336,2603.4987,146.8945,0,0.1168758376995248,426.62,0
426.62,31.14,2.02,72.58,1,2025-02-01 04:00:00,1,128563,61.72,Zone_C,77.62,4,5,2,426.62,409.35,522.41,452.7933333333333,2260.1412,62.9028,0,0.14433375426780787,331.2,1
331.2,36.01,27.08,79.74,0,2025-02-01 05:00:00,0,54030,70.06,Zone_C,78.44,5,5,2,331.2,426.62,409.35,389.0566666666667,2871.4374,975.1507999999999,0,0.21089704996989767,389.21,1
389.21,15.0,14.91,95.17,0,2025-02-01 06:00:00,0,139779,60.09,Zone_B,75.49,6,5,2,389.21,331.2,426.62,382.3433333333333,1427.55,223.65,0,0.15399400322903053,337.8,1
337.8,34.07,14.08,79.1,1,2025-02-01 07:00:00,0,83289,75.53,Zone_C,88.53,7,5,2,337.8,389.21,331.2,352.7366666666667,2694.937,479.7056,0,0.22293388429752065,382.9,0
382.9,26.08,3.29,74.46,0,2025-02-01 08:00:00,0,69739,70.06,Zone_C,86.4,8,5,2,382.9,337.8,389.21,369.96999999999997,1941.9167999999997,85.80319999999999,0,0.1824954415212295,626.44,0
626.44,19.02,11.83,75.15,0,2025-02-01 09:00:00,0,149704,97.99,Zone_A,83.78,9,5,2,626.44,382.9,337.8,449.0466666666666,1429.353,225.0066,0,0.1561742955501721,386.07,0
386.07,33.07,6.62,67.64,0,2025-02-01 10:00:00,0,111687,37.45,Zone_D,91.47,10,5,2,386.07,626.44,382.9,465.1366666666667,2236.8548,218.92340000000002,0,0.09675252538300566,815.89,0
815.89,38.24,5.44,69.98,1,2025-02-01 11:00:00,1,86491,62.8,Zone_A,94.86,11,5,2,815.89,386.07,626.44,609.4666666666666,2676.0352000000003,208.02560000000003,0,0.07687693569513643,559.2,0
559.2,29.18,5.43,80.03,0,2025-02-01 12:00:00,0,145549,48.65,Zone_B,72.79,12,5,2,559.2,815.89,386.07,587.0533333333333,2335.2754,158.4474,0,0.08684398429132452,522.18,1
522.18,35.72,9.01,53.05,0,2025-02-01 13:00:00,0,122115,75.87,Zone_C,80.22,13,5,2,522.18,559.2,815.89,632.4233333333333,1894.946,321.8372,0,0.14501701135364503,397.0,0
397.0,39.67,18.14,67.2,1,2025-02-01 14:00:00,0,133778,35.89,Zone_C,91.56,14,5,2,397.0,522.18,559.2,492.79333333333324,2665.824,719.6138000000001,0,0.09017587939698493,584.04,0
584.04,37.89,28.71,69.95,1,2025-02-01 15:00:00,1,54781,71.23,Zone_C,81.26,15,5,2,584.04,397.0,522.18,501.07333333333327,2650.4055000000003,1087.8219000000001,0,0.12175235881307263,430.92,0
430.92,39.84,3.91,64.91,0,2025-02-01 16:00:00,0,70448,53.66,Zone_C,78.61,16,5,2,430.92,584.04,397.0,470.65333333333325,2586.0144,155.7744,0,0.12423596962400443,514.64,1
514.64,34.45,6.95,81.77,0,2025-02-01 17:00:00,1,101550,51.79,Zone_C,93.15,17,5,2,514.64,430.92,584.04,509.86666666666656,2816.9765,239.42750000000004,0,0.10043829028004034,807.21,0
807.21,30.45,5.32,78.01,0,2025-02-01 18:00:00,1,99294,38.96,Zone_C,74.68,18,5,2,807.21,514.64,430.92,584.2566666666665,2375.4045,161.994,0,0.04820529317875304,488.47,1
488.47,20.39,8.52,93.17,1,2025-02-01 19:00:00,0,71446,56.63,Zone_B,82.59,19,5,2,488.47,807.21,514.64,603.4399999999999,1899.7363,173.7228,0,0.11569656975912722,637.91,0
637.91,28.52,4.71,74.45,0,2025-02-01 20:00:00,0,126579,84.52,Zone_C,87.63,20,5,2,637.91,488.47,807.21,644.5299999999999,2123.314,134.3292,0,0.13228780266391196,415.62,0
415.62,24.94,2.89,86.55,0,2025-02-01 21:00:00,1,135389,64.55,Zone_C,80.41,21,5,2,415.62,637.91,488.47,513.9999999999999,2158.5570000000002,72.07660000000001,0,0.15493735298353414,495.8,0
495.8,43.03,3.92,77.66,1,2025-02-01 22:00:00,0,135615,76.3,Zone_C,91.27,22,5,2,495.8,415.62,637.91,516.4433333333333,3341.7098,168.6776,0,0.1535829307568438,712.5,0
712.5,28.94,3.34,86.34,1,2025-02-01 23:00:00,0,67101,94.96,Zone_B,80.45,23,5,2,712.5,495.8,415.62,541.3066666666665,2498.6796000000004,96.6596,0,0.1330903994393833,424.76,0
424.76,30.74,5.07,65.67,0,2025-02-02 00:00:00,0,116178,69.75,Zone_C,96.27,0,6,2,424.76,712.5,495.8,544.3533333333334,2018.6958,155.8518,0,0.16382468996617813,717.49,0
717.49,33.31,1.27,70.32,1,2025-02-02 01:00:00,0,78016,54.94,Zone_B,83.99,1,6,2,717.49,424.76,712.5,618.2499999999999,2342.3592,42.303700000000006,0,0.07646592158554746,584.93,0
584.93,30.26,3.41,72.03,0,2025-02-02 02:00:00,0,68932,73.41,Zone_A,90.37,2,6,2,584.93,717.49,424.76,575.7266666666666,2179.6278,103.18660000000001,0,0.12528800368644719,432.5,0
432.5,40.17,8.45,70.78,1,2025-02-02 03:00:00,0,94653,55.2,Zone_C,90.97,3,6,2,432.5,584.93,717.49,578.3066666666665,2843.2326000000003,339.43649999999997,0,0.1273356401384083,575.89,0
575.89,26.26,8.4,83.48,0,2025-02-02 04:00:00,0,140481,55.92,Zone_D,79.98,4,6,2,575.89,432.5,584.93,531.1066666666666,2192.1848000000005,220.58400000000003,0,0.09693355752396471,616.71,1
616.71,31.17,7.31,67.35,0,2025-02-02 05:00:00,0,102802,37.64,Zone_B,68.57,5,6,2,616.71,575.89,432.5,541.6999999999999,2099.2995,227.8527,0,0.06093474284049149,574.62,1
574.62,25.55,16.96,79.11,1,2025-02-02 06:00:00,0,57549,81.67,Zone_A,87.89,6,6,2,574.62,616.71,575.89,589.0733333333333,2021.2605,433.32800000000003,0,0.1418817970188666,311.57,0
311.57,22.08,8.73,65.18,0,2025-02-02 07:00:00,1,128933,58.05,Zone_B,85.58,7,6,2,311.57,574.62,616.71,500.96666666666664,1439.1744,192.7584,0,0.18571839907860638,412.74,0
412.74,26.33,16.54,89.47,0,2025-02-02 08:00:00,0,75362,68.28,Zone_B,89.45,8,6,2,412.74,311.57,574.62,432.9766666666665,2355.7450999999996,435.49819999999994,0,0.16503117900130518,470.3,0
470.3,29.78,28.72,71.08,1,2025-02-02 09:00:00,0,97842,46.35,Zone_A,83.19,9,6,2,470.3,412.74,311.57,398.2033333333332,2116.7624,855.2816,0,0.09834500318268619,491.07,0
491.07,27.42,12.07,77.51,1,2025-02-02 10:00:00,0,96539,72.85,Zone_C,81.56,10,6,2,491.07,470.3,412.74,458.0366666666666,2125.3242000000005,330.9594,0,0.14804804194525167,574.48,0
574.48,25.85,1.28,75.85,0,2025-02-02 11:00:00,0,83717,51.29,Zone_C,100.0,11,6,2,574.48,491.07,470.3,511.9499999999999,1960.7224999999999,33.088,0,0.0891255994995482,521.32,0
521.32,21.56,7.56,90.92,1,2025-02-02 12:00:00,1,104596,62.45,Zone_B,73.22,12,6,2,521.32,574.48,491.07,528.9566666666666,1960.2351999999998,162.9936,0,0.11956272017154235,339.76,1
339.76,29.5,6.63,52.7,0,2025-02-02 13:00:00,0,73016,80.8,Zone_A,90.87,13,6,2,339.76,521.32,574.48,478.5199999999998,1554.65,195.585,0,0.23711703251555347,545.62,0
545.62,20.97,19.31,82.09,0,2025-02-02 14:00:00,0,105200,79.23,Zone_C,80.4,14,6,2,545.62,339.76,521.32,468.89999999999986,1721.4273,404.93069999999994,0,0.1449453002085544,573.27,0
573.27,34.56,5.25,70.51,0,2025-02-02 15:00:00,1,130268,64.6,Zone_B,82.31,15,6,2,573.27,545.62,339.76,486.2166666666665,2436.8256,181.44,0,0.11249064029115224,567.17,0
567.17,30.49,2.48,70.98,0,2025-02-02 16:00:00,1,110287,33.17,Zone_D,82.46,16,6,2,567.17,573.27,545.62,562.0199999999999,2164.1802,75.6152,0,0.05838041431261771,629.69,0
629.69,21.25,3.62,95.81,1,2025-02-02 17:00:00,0,142447,100.0,Zone_A,78.57,17,6,2,629.69,567.17,573.27,590.0433333333332,2035.9625,76.925,0,0.15855650160934848,600.07,1
600.07,28.14,1.34,69.39,0,2025-02-02 18:00:00,0,133402,96.43,Zone_D,89.57,18,6,2,600.07,629.69,567.17,598.9766666666666,1952.6346,37.707600000000006,0,0.16043056549154008,555.1,0
555.1,25.49,25.43,84.78,0,2025-02-02 19:00:00,0,92607,78.01,Zone_D,96.13,19,6,2,555.1,600.07,629.69,594.9533333333333,2161.0422,648.2107,0,0.1402805250854163,491.58,0
491.58,31.92,5.94,76.32,0,2025-02-02 20:00:00,0,77621,51.44,Zone_B,88.76,20,6,2,491.58,555.1,600.07,548.9166666666665,2436.1344,189.6048,0,0.10442973730155508,300.68,0
300.68,38.04,1.52,78.66,1,2025-02-02 21:00:00,0,62823,62.96,Zone_A,85.83,21,6,2,300.68,491.58,555.1,449.11999999999983,2992.2264,57.8208,0,0.20869795810129937,551.55,0
551.55,18.75,20.62,78.66,0,2025-02-02 22:00:00,0,79986,55.22,Zone_C,77.11,22,6,2,551.55,300.68,491.58,447.9366666666665,1474.875,386.625,0,0.09993665731608,524.92,1
524.92,30.69,23.25,68.58,0,2025-02-02 23:00:00,0,114325,87.75,Zone_C,89.13,23,6,2,524.92,551.55,300.68,459.0499999999999,2104.7202,713.5425,0,0.16685047155460908,532.59,0
532.59,29.04,6.83,84.54,0,2025-02-03 00:00:00,0,107771,69.73,Zone_B,100.0,0,0,2,532.59,524.92,551.55,536.3533333333331,2455.0416,198.3432,0,0.13068085983620384,346.79,0
346.79,34.03,1.18,75.18,0,2025-02-03 01:00:00,0,104973,50.89,Zone_C,81.95,1,0,2,346.79,532.59,524.92,468.09999999999985,2558.3754000000004,40.1554,0,0.14632393110785244,370.27,0
370.27,31.28,3.71,61.62,0,2025-02-03 02:00:00,1,64690,56.53,Zone_C,81.99,2,0,2,370.27,346.79,532.59,416.5499999999999,1927.4736,116.0488,0,0.15226115764807285,626.38,0
626.38,25.49,4.73,74.3,1,2025-02-03 03:00:00,0,89107,85.18,Zone_D,80.51,3,0,2,626.38,370.27,346.79,447.8133333333332,1893.9069999999997,120.5677,0,0.1357709840925755,495.25,0
495.25,28.09,6.12,79.62,1,2025-02-03 04:00:00,1,107888,93.8,Zone_D,81.08,4,0,2,495.25,626.38,370.27,497.2999999999999,2236.5258,171.9108,0,0.1890176322418136,581.78,0
581.78,25.22,1.78,85.52,0,2025-02-03 05:00:00,1,60956,92.51,Zone_A,63.04,5,0,2,581.78,495.25,626.38,567.8033333333332,2156.8143999999998,44.8916,0,0.15873914684786714,503.4,1
503.4,36.46,12.87,64.4,1,2025-02-03 06:00:00,0,136839,78.63,Zone_D,88.24,6,0,2,503.4,581.78,495.25,526.8099999999998,2348.0240000000003,469.24019999999996,0,0.1558881839809675,503.57,0
503.57,30.13,0.25,51.58,1,2025-02-03 07:00:00,0,106227,60.45,Zone_C,78.24,7,0,2,503.57,503.4,581.78,529.5833333333331,1554.1054,7.5325,0,0.11980498246031275,612.59,1
612.59,41.41,14.54,70.06,1,2025-02-03 08:00:00,0,86533,10.0,Zone_A,72.12,8,0,2,612.59,503.57,503.4,539.8533333333331,2901.1846,602.1013999999999,1,0.01629752766505321,438.07,1
438.07,29.64,16.98,65.53,0,2025-02-03 09:00:00,0,145210,70.35,Zone_A,91.03,9,0,2,438.07,612.59,503.57,518.0766666666665,1942.3092000000001,503.28720000000004,0,0.16022502106725578,511.53,0
511.53,25.75,4.09,62.26,0,2025-02-03 10:00:00,0,106234,64.97,Zone_B,76.34,10,0,2,511.53,438.07,612.59,520.7299999999998,1603.195,105.3175,0,0.12676331141591712,444.53,1
444.53,20.92,5.49,59.61,0,2025-02-03 11:00:00,0,117594,67.52,Zone_D,82.29,11,0,2,444.53,511.53,438.07,464.7099999999998,1247.0412000000001,114.85080000000002,0,0.15154983951697978,447.86,0
447.86,19.18,18.61,90.17,0,2025-02-03 12:00:00,1,106901,65.97,Zone_A,96.73,12,0,2,447.86,444.53,511.53,467.9733333333332,1729.4606,356.9398,0,0.14697232990241946,462.9,0
462.9,20.5,10.21,83.63,1,2025-02-03 13:00:00,0,61519,41.13,Zone_C,73.73,13,0,2,462.9,447.86,444.53,451.76333333333315,1714.415,209.305,0,0.08866134942875621,526.66,1
526.66,31.6,4.24,71.91,1,2025-02-03 14:00:00,0,81115,75.03,Zone_A,72.74,14,0,2,526.66,462.9,447.86,479.1399999999999,2272.3559999999998,133.984,0,0.1421938369404541,442.55,1
442.55,33.05,4.75,83.67,1,2025-02-03 15:00:00,0,116266,76.38,Zone_A,87.15,15,0,2,442.55,526.66,462.9,477.36999999999983,2765.2934999999998,156.98749999999998,0,0.17220155563070677,650.69,0
650.69,20.51,9.05,87.69,0,2025-02-03 16:00:00,0,51832,77.28,Zone_B,94.2,16,0,2,650.69,442.55,526.66,539.9666666666666,1798.5219000000002,185.61550000000003,0,0.1185839893200755,392.65,0
392.65,35.37,23.77,83.63,0,2025-02-03 17:00:00,1,91368,82.04,Zone_C,72.41,17,0,2,392.65,650.69,442.55,495.29666666666645,2957.9930999999997,840.7448999999999,0,0.2084084846945256,477.58,1
477.58,27.1,4.9,66.18,1,2025-02-03 18:00:00,0,138425,75.87,Zone_C,88.26,18,0,2,477.58,392.65,650.69,506.9733333333332,1793.4780000000003,132.79000000000002,0,0.15853148898825695,447.23,0
447.23,30.88,4.11,74.02,1,2025-02-03 19:00:00,0,119715,57.62,Zone_D,89.65,19,0,2,447.23,477.58,392.65,439.1533333333332,2285.7376,126.91680000000001,0,0.12855007473841554,673.64,0
673.64,39.67,6.08,54.33,0,2025-02-03 20:00:00,0,121835,63.72,Zone_C,68.53,20,0,2,673.64,447.23,477.58,532.8166666666665,2155.2711,241.1936,0,0.09445037353255069,523.59,1
523.59,35.38,6.11,68.86,1,2025-02-03 21:00:00,0,123366,66.64,Zone_A,91.39,21,0,2,523.59,673.64,447.23,548.1533333333332,2436.2668000000003,216.17180000000002,0,0.12703253969766864,623.82,0
623.82,28.39,7.76,74.3,1,2025-02-03 22:00:00,0,87570,66.94,Zone_C,92.01,22,0,2,623.82,523.59,673.64,607.0166666666665,2109.377,220.3064,0,0.10713485483819339,321.73,0
321.73,24.65,5.51,84.29,0,2025-02-03 23:00:00,0,137977,82.97,Zone_C,82.51,23,0,2,321.73,623.82,523.59,489.71333333333314,2077.7485,135.8215,0,0.25708796827069064,532.05,0
532.05,17.09,15.22,85.69,0,2025-02-04 00:00:00,0,56615,76.59,Zone_A,95.02,0,1,2,532.05,321.73,623.82,492.53333333333313,1464.4421,260.1098,0,0.14368258137135356,606.76,0
606.76,25.69,2.26,83.44,0,2025-02-04 01:00:00,1,122298,100.0,Zone_B,94.09,1,1,2,606.76,532.05,321.73,486.8466666666665,2143.5736,58.0594,0,0.16453863367118599,509.87,0
509.87,28.73,8.51,81.64,0,2025-02-04 02:00:00,1,88311,100.0,Zone_D,85.82,2,1,2,509.87,606.76,532.05,549.5599999999998,2345.5172000000002,244.4923,0,0.19574451425998787,627.86,0
627.86,24.08,8.8,96.98,0,2025-02-04 03:00:00,0,140245,66.43,Zone_D,81.39,3,1,2,627.86,509.87,606.76,581.4966666666664,2335.2784,211.904,0,0.10563559456794835,437.93,0
437.93,29.21,2.51,73.11,1,2025-02-04 04:00:00,0,73434,10.0,Zone_B,77.22,4,1,2,437.93,627.86,509.87,525.2199999999998,2135.5431,73.3171,1,0.0227826760531292,669.12,1
669.12,30.46,8.44,67.1,0,2025-02-04 05:00:00,0,136879,87.26,Zone_A,84.7,5,1,2,669.12,437.93,627.86,578.3033333333332,2043.866,257.0824,0,0.13021548379394737,775.87,0
775.87,28.65,8.99,78.05,0,2025-02-04 06:00:00,0,65739,55.27,Zone_D,89.56,6,1,2,775.87,669.12,437.93,627.6399999999999,2236.1324999999997,257.5635,0,0.0711444643247905,456.46,0
456.46,26.1,0.07,71.7,0,2025-02-04 07:00:00,0,116202,50.57,Zone_B,82.41,7,1,2,456.46,775.87,669.12,633.8166666666665,1871.3700000000001,1.8270000000000002,0,0.11054518427840686,446.54,0
446.54,31.01,2.02,86.05,0,2025-02-04 08:00:00,0,148580,57.83,Zone_B,67.42,8,1,2,446.54,456.46,775.87,559.6233333333331,2668.4105,62.64020000000001,0,0.12921750011172184,674.41,1
674.41,32.65,19.8,70.61,1,2025-02-04 09:00:00,0,143419,56.96,Zone_B,95.15,9,1,2,674.41,446.54,456.46,525.8033333333332,2305.4165,646.47,0,0.08433396011311649,689.55,0
689.55,23.46,3.22,75.71,0,2025-02-04 10:00:00,0,129599,76.02,Zone_D,86.52,10,1,2,689.55,674.41,446.54,603.4999999999999,1776.1566,75.5412,0,0.1100861632032438,437.26,0
437.26,38.47,1.51,64.46,0,2025-02-04 11:00:00,0,83649,36.93,Zone_D,81.96,11,1,2,437.26,689.55,674.41,600.4066666666664,2479.7762,58.0897,0,0.0842650481449368,449.58,0
449.58,29.41,0.48,81.22,1,2025-02-04 12:00:00,0,97445,45.6,Zone_D,91.86,12,1,2,449.58,437.26,689.55,525.4633333333333,2388.6802,14.1168,0,0.1012028940476719,466.19,0
466.19,30.11,1.8,73.65,0,2025-02-04 13:00:00,0,89470,71.18,Zone_D,97.2,13,1,2,466.19,449.58,437.26,451.0099999999998,2217.6015,54.198,0,0.15235771313598323,338.67,0
338.67,34.25,5.29,66.47,0,2025-02-04 14:00:00,0,124965,76.21,Zone_C,62.58,14,1,2,338.67,466.19,449.58,418.14666666666653,2276.5975,181.1825,0,0.22436482468278032,389.76,1
389.76,31.4,1.37,87.2,0,2025-02-04 15:00:00,1,98621,76.55,Zone_B,88.47,15,1,2,389.76,338.67,466.19,398.20666666666654,2738.08,43.018,0,0.19590029685740606,379.5,0
379.5,35.72,10.32,63.58,0,2025-02-04 16:00:00,0,82926,50.83,Zone_C,73.59,16,1,2,379.5,389.76,338.67,369.3099999999999,2271.0776,368.6304,0,0.1335873850197109,407.86,1
407.86,31.72,2.45,73.91,0,2025-02-04 17:00:00,0,87997,47.39,Zone_B,88.99,17,1,2,407.86,379.5,389.76,392.37333333333316,2344.4251999999997,77.714,0,0.11590764564887736,495.84,0
495.84,26.33,7.81,83.16,0,2025-02-04 18:00:00,0,109940,55.88,Zone_D,86.02,18,1,2,495.84,407.86,379.5,427.7333333333331,2189.6027999999997,205.63729999999998,0,0.1124708155543032,528.11,0
528.11,32.17,17.7,60.21,0,2025-02-04 19:00:00,0,90724,69.32,Zone_D,90.09,19,1,2,528.11,495.84,407.86,477.2699999999998,1936.9557000000002,569.409,0,0.13101245487705768,686.06,0
686.06,23.14,16.87,84.33,1,2025-02-04 20:00:00,0,147805,91.74,Zone_C,81.01,20,1,2,686.06,528.11,495.84,570.0033333333332,1951.3962,390.3718,0,0.1335254562920269,380.2,0
380.2,30.65,7.69,66.04,0,2025-02-04 21:00:00,0,81704,28.15,Zone_A,70.01,21,1,2,380.2,686.06,528.11,531.4566666666666,2024.1260000000002,235.6985,1,0.07384575026232948,618.12,1
618.12,29.8,1.65,81.74,0,2025-02-04 22:00:00,1,78391,61.03,Zone_D,81.4,22,1,2,618.12,380.2,686.06,561.4599999999998,2435.852,49.17,0,0.09857539733815739,474.32,0
474.32,28.75,5.64,68.3,0,2025-02-04 23:00:00,0,113291,41.01,Zone_A,88.25,23,1,2,474.32,618.12,380.2,490.8799999999998,1963.625,162.14999999999998,0,0.08627871749558193,494.06,0
494.06,29.23,7.91,81.16,0,2025-02-05 00:00:00,1,139723,35.26,Zone_B,93.12,0,2,2,494.06,474.32,618.12,528.8333333333331,2372.3068,231.2093,0,0.07122369005777077,580.98,0
580.98,18.71,32.63,92.88,1,2025-02-05 01:00:00,0,52526,82.41,Zone_C,75.63,1,2,2,580.98,494.06,474.32,516.4533333333333,1737.7848,610.5073000000001,0,0.1416028042200763,365.27,1
365.27,26.71,0.47,84.53,0,2025-02-05 02:00:00,0,74686,74.8,Zone_A,93.22,2,2,2,365.27,580.98,494.06,480.1033333333332,2257.7963,12.5537,0,0.20422092991508997,545.89,0
545.89,30.56,5.66,76.56,1,2025-02-05 03:00:00,0,123339,73.09,Zone_A,79.82,3,2,2,545.89,365.27,580.98,497.3799999999998,2339.6736,172.96959999999999,0,0.13364661997842345,519.97,1
519.97,30.96,10.02,72.38,0,2025-02-05 04:00:00,0,148204,81.58,Zone_D,87.9,4,2,2,519.97,545.89,365.27,477.04333333333324,2240.8848,310.2192,0,0.1565925101253431,559.09,0
559.09,23.83,6.52,75.32,0,2025-02-05 05:00:00,0,56574,56.37,Zone_A,80.92,5,2,2,559.09,519.97,545.89,541.6499999999999,1794.8755999999996,155.37159999999997,0,0.10064453927047438,534.7,0
534.7,37.59,7.18,80.69,0,2025-02-05 06:00:00,0,58733,57.21,Zone_A,86.46,6,2,2,534.7,559.09,519.97,537.9199999999998,3033.1371000000004,269.8962,0,0.10679484786260966,794.64,0
794.64,24.8,2.63,73.56,1,2025-02-05 07:00:00,0,100290,100.0,Zone_B,92.14,7,2,2,794.64,534.7,559.09,629.4766666666665,1824.288,65.224,0,0.12568498315821225,423.47,0
423.47,35.82,12.69,62.05,0,2025-02-05 08:00:00,0,122793,60.56,Zone_C,75.18,8,2,2,423.47,794.64,534.7,584.2699999999999,2222.631,454.5558,0,0.1426720380710062,436.28,1
436.28,32.56,6.12,78.27,0,2025-02-05 09:00:00,0,86051,78.23,Zone_D,79.56,9,2,2,436.28,423.47,794.64,551.4633333333331,2548.4712,199.26720000000003,0,0.1789013904134651,425.22,1
425.22,26.12,7.16,71.73,0,2025-02-05 10:00:00,0,65909,65.11,Zone_D,86.48,10,2,2,425.22,436.28,423.47,428.3233333333332,1873.5876,187.0192,0,0.1527614846792736,433.34,0
433.34,40.65,13.77,58.88,1,2025-02-05 11:00:00,1,139682,31.73,Zone_A,100.0,11,2,2,433.34,425.22,436.28,431.6133333333332,2393.472,559.7505,0,0.07305336832895888,423.51,0
423.51,22.84,4.37,69.18,0,2025-02-05 12:00:00,0,127338,28.2,Zone_B,78.09,12,2,2,423.51,433.34,425.22,427.3566666666665,1580.0712,99.8108,1,0.06642953051753786,642.68,1
642.68,35.51,16.17,66.72,1,2025-02-05 13:00:00,0,123432,54.58,Zone_A,100.0,13,2,2,642.68,423.51,433.34,499.8433333333332,2369.2272,574.1967000000001,0,0.08479368630375342,670.46,0
670.46,36.0,1.31,69.54,0,2025-02-05 14:00:00,0,78133,84.01,Zone_A,100.0,14,2,2,670.46,642.68,423.51,578.8833333333332,2503.44,47.160000000000004,0,0.12511542012927054,431.51,0
431.51,25.98,7.52,80.16,0,2025-02-05 15:00:00,0,101571,79.19,Zone_D,84.22,15,2,2,431.51,670.46,642.68,581.5499999999998,2082.5568,195.3696,0,0.1830940325079189,400.12,0
400.12,38.35,2.44,75.93,0,2025-02-05 16:00:00,0,129062,81.45,Zone_A,82.61,16,2,2,400.12,431.51,670.46,500.69666666666654,2911.9155000000005,93.574,0,0.203056441962505,556.57,0
556.57,28.5,1.76,80.42,0,2025-02-05 17:00:00,0,100908,47.23,Zone_A,79.46,17,2,2,556.57,400.12,431.51,462.7333333333332,2291.9700000000003,50.160000000000004,0,0.08470685295119894,433.73,1
433.73,31.73,23.57,72.09,0,2025-02-05 18:00:00,0,61278,94.09,Zone_B,84.45,18,2,2,433.73,556.57,400.12,463.4733333333332,2287.4157,747.8761000000001,0,0.2164331884157983,575.95,0
575.95,31.56,1.41,72.16,0,2025-02-05 19:00:00,0,101458,47.63,Zone_D,73.75,19,2,2,575.95,433.73,556.57,522.0833333333331,2277.3696,44.499599999999994,0,0.08255481410867492,524.35,1
524.35,29.19,6.23,79.73,1,2025-02-05 20:00:00,0,114265,68.83,Zone_C,84.39,20,2,2,524.35,575.95,433.73,511.34333333333325,2327.3187000000003,181.85370000000003,0,0.1310174169601218,318.11,0
318.11,34.86,1.27,81.29,0,2025-02-05 21:00:00,0,106782,64.81,Zone_B,96.98,21,2,2,318.11,524.35,575.95,472.8033333333332,2833.7694,44.2722,0,0.2030961110588825,685.7,0
685.7,34.76,15.42,72.2,0,2025-02-05 22:00:00,1,105415,61.87,Zone_B,80.11,22,2,2,685.7,318.11,524.35,509.38666666666654,2509.672,535.9992,0,0.09009756807921944,715.51,0
715.51,19.51,3.94,79.64,0,2025-02-05 23:00:00,0,141087,89.09,Zone_B,83.07,23,2,2,715.51,685.7,318.11,573.1066666666666,1553.7764000000002,76.8694,0,0.12433880894893302,426.47,0
426.47,37.83,13.71,60.8,0,2025-02-06 00:00:00,1,104160,52.31,Zone_D,71.39,0,3,2,426.47,715.51,685.7,609.2266666666665,2300.064,518.6493,0,0.12237116054927831,453.48,1
453.48,20.03,9.74,71.42,0,2025-02-06 01:00:00,0,104399,40.71,Zone_A,87.99,1,3,2,453.48,426.47,715.51,531.8199999999998,1430.5426000000002,195.09220000000002,0,0.0895748987854251,534.3,0
534.3,36.2,29.21,75.37,0,2025-02-06 02:00:00,0,75298,65.36,Zone_C,87.12,2,3,2,534.3,453.48,426.47,471.4166666666665,2728.3940000000002,1057.402,0,0.12209975714552589,540.13,0
540.13,36.76,0.94,74.22,0,2025-02-06 03:00:00,1,72191,57.8,Zone_D,85.51,3,3,2,540.13,534.3,453.48,509.3033333333331,2728.3271999999997,34.554399999999994,0,0.10681351985659637,579.03,0
579.03,23.45,2.0,84.86,1,2025-02-06 04:00:00,1,106964,100.0,Zone_A,83.27,4,3,2,579.03,540.13,534.3,551.1533333333332,1989.9669999999999,46.9,0,0.17240487560988227,741.22,0
741.22,27.54,13.14,75.94,1,2025-02-06 05:00:00,0,83092,77.18,Zone_B,82.66,5,3,2,741.22,579.03,540.13,620.1266666666666,2091.3876,361.8756,0,0.10398534127347688,478.77,0
478.77,23.37,7.84,91.56,0,2025-02-06 06:00:00,0,139407,57.63,Zone_D,89.02,6,3,2,478.77,741.22,579.03,599.6733333333332,2139.7572,183.2208,0,0.1201200575275653,404.2,0
404.2,28.71,4.69,72.16,0,2025-02-06 07:00:00,0,125257,45.99,Zone_A,84.77,7,3,2,404.2,478.77,741.22,541.3966666666665,2071.7136,134.6499,0,0.1134995064165844,334.48,0
334.48,28.15,25.38,84.12,0,2025-02-06 08:00:00,0,112513,31.15,Zone_C,87.52,8,3,2,334.48,404.2,478.77,405.81666666666655,2367.978,714.4469999999999,0,0.09285203290807201,412.29,0
412.29,34.68,5.84,70.95,0,2025-02-06 09:00:00,0,101097,46.55,Zone_C,86.72,9,3,2,412.29,334.48,404.2,383.6566666666665,2460.5460000000003,202.53119999999998,0,0.11263277601684046,496.02,0
496.02,37.86,2.55,63.84,0,2025-02-06 10:00:00,0,80279,67.07,Zone_A,93.99,10,3,2,496.02,412.29,334.48,414.26333333333315,2416.9824,96.54299999999999,0,0.13494426783630437,715.35,0
715.35,38.37,13.85,73.04,0,2025-02-06 11:00:00,1,64404,90.69,Zone_D,90.42,11,3,2,715.35,496.02,412.29,541.2199999999998,2802.5448,531.4245,0,0.12660012563690934,437.89,0
437.89,26.63,6.02,80.98,1,2025-02-06 12:00:00,0,120022,85.19,Zone_B,86.54,12,3,2,437.89,715.35,496.02,549.7533333333332,2156.4974,160.31259999999997,0,0.19410330606757958,526.85,0
526.85,28.74,6.46,78.86,1,2025-02-06 13:00:00,0,85198,69.12,Zone_A,97.15,13,3,2,526.85,437.89,715.35,560.0299999999999,2266.4364,185.66039999999998,0,0.13094629156010232,498.03,0
498.03,19.9,10.43,83.73,0,2025-02-06 14:00:00,0,144223,59.18,Zone_B,88.36,14,3,2,498.03,526.85,437.89,487.58999999999986,1666.2269999999999,207.557,0,0.1185900647255676,642.61,0
642.61,25.16,10.77,78.57,0,2025-02-06 15:00:00,0,99997,69.84,Zone_C,95.44,15,3,2,642.61,498.03,526.85,555.8299999999999,1976.8211999999999,270.97319999999996,0,0.1085129193144917,803.23,0
803.23,35.79,1.96,89.48,0,2025-02-06 16:00:00,0,128692,55.66,Zone_A,89.86,16,3,2,803.23,642.61,498.03,647.9566666666665,3202.4892,70.1484,0,0.06920905711052808,436.3,0
436.3,39.69,4.43,76.72,1,2025-02-06 17:00:00,0,50567,95.93,Zone_C,70.26,17,3,2,436.3,803.23,642.61,627.3799999999999,3045.0168,175.8267,0,0.21936885433340958,441.27,1
441.27,22.59,1.12,86.71,0,2025-02-06 18:00:00,0,111032,61.59,Zone_B,95.44,18,3,2,441.27,436.3,803.23,560.2666666666665,1958.7788999999998,25.300800000000002,0,0.1392588237954191,625.3,0
625.3,26.45,7.94,78.74,0,2025-02-06 19:00:00,1,52179,63.45,Zone_B,86.08,19,3,2,625.3,441.27,436.3,500.9566666666665,2082.673,210.013,0,0.10130927670445475,581.83,0
581.83,29.84,23.26,83.18,1,2025-02-06 20:00:00,0,52019,25.12,Zone_A,84.58,20,3,2,581.83,625.3,441.27,549.4666666666666,2482.0912000000003,694.0784,1,0.04310004632568674,721.6,0
721.6,31.68,2.07,77.8,0,2025-02-06 21:00:00,0,131455,61.48,Zone_A,87.25,21,3,2,721.6,581.83,625.3,642.9099999999999,2464.7039999999997,65.57759999999999,0,0.08508164959867145,570.07,0
570.07,25.14,0.84,79.1,1,2025-02-06 22:00:00,0,135239,80.06,Zone_A,82.24,22,3,2,570.07,721.6,581.83,624.4999999999999,1988.5739999999998,21.1176,0,0.14019297108935858,456.88,0
456.88,32.54,3.04,70.54,0,2025-02-06 23:00:00,1,68704,45.78,Zone_C,86.82,23,3,2,456.88,570.07,721.6,582.8499999999999,2295.3716,98.9216,0,0.09998252817332053,570.88,0
570.88,27.16,4.65,76.63,0,2025-02-07 00:00:00,0,68030,51.49,Zone_B,80.26,0,4,2,570.88,456.88,570.07,532.6099999999999,2081.2708,126.29400000000001,0,0.0900363712666993,633.04,0
633.04,29.91,10.85,49.71,0,2025-02-07 01:00:00,0,119445,79.27,Zone_B,95.19,1,4,2,633.04,570.88,456.88,553.5999999999999,1486.8261,324.5235,0,0.12502365781338717,598.46,0
598.46,33.28,4.19,74.06,1,2025-02-07 02:00:00,0,123551,38.42,Zone_C,84.09,2,4,2,598.46,633.04,570.88,600.7933333333332,2464.7168,139.44320000000002,0,0.06409101524705568,560.87,0
560.87,30.04,8.07,71.06,1,2025-02-07 03:00:00,0,53420,84.04,Zone_A,81.94,3,4,2,560.87,598.46,633.04,597.4566666666665,2134.6424,242.4228,0,0.14957196504529519,628.0,0
628.0,27.38,3.54,89.84,1,2025-02-07 04:00:00,0,109875,55.42,Zone_D,77.6,4,4,2,628.0,560.87,598.46,595.7766666666665,2459.8192,96.9252,0,0.08810810810810811,640.32,1
640.32,29.34,4.9,75.68,0,2025-02-07 05:00:00,0,97653,58.01,Zone_A,87.15,5,4,2,640.32,628.0,560.87,609.7299999999999,2220.4512,143.76600000000002,0,0.09045406349404353,665.86,0
665.86,29.47,2.46,65.91,1,2025-02-07 06:00:00,1,66740,44.77,Zone_D,86.5,6,4,2,665.86,640.32,628.0,644.7266666666666,1942.3676999999998,72.4962,0,0.06713553069609814,577.85,0
577.85,27.78,1.65,76.38,0,2025-02-07 07:00:00,0,115263,71.8,Zone_D,88.11,7,4,2,577.85,665.86,640.32,628.0099999999999,2121.8364,45.836999999999996,0,0.1240390429299473,479.95,0
479.95,28.45,11.17,67.87,0,2025-02-07 08:00:00,0,145864,100.0,Zone_C,76.78,8,4,2,479.95,577.85,665.86,574.5533333333332,1930.9015000000002,317.7865,0,0.20792182139515542,517.61,1
517.61,39.59,3.8,71.11,1,2025-02-07 09:00:00,0,114559,79.07,Zone_B,72.19,9,4,2,517.61,479.95,577.85,525.1366666666665,2815.2449,150.442,0,0.15246524363201633,644.78,1
644.78,33.37,8.58,74.64,0,2025-02-07 10:00:00,0,69465,49.44,Zone_B,90.0,10,4,2,644.78,517.61,479.95,547.4466666666666,2490.7367999999997,286.3146,0,0.07655858032147171,401.97,0
401.97,28.23,2.41,84.08,0,2025-02-07 11:00:00,0,101432,85.44,Zone_B,96.88,11,4,2,401.97,644.78,517.61,521.4533333333333,2373.5784,68.0343,0,0.21202570910985927,544.24,0
544.24,34.18,5.87,65.33,0,2025-02-07 12:00:00,0,54131,59.3,Zone_B,76.79,12,4,2,544.24,401.97,644.78,530.3299999999999,2232.9793999999997,200.63660000000002,0,0.10875944538185019,452.8,1
452.8,28.0,0.26,76.87,0,2025-02-07 13:00:00,0,60652,89.74,Zone_C,97.72,13,4,2,452.8,544.24,401.97,466.3366666666666,2152.36,7.28,0,0.19775231379462316,503.45,0
503.45,37.04,4.1,58.45,0,2025-02-07 14:00:00,0,114973,79.52,Zone_D,87.27,14,4,2,503.45,452.8,544.24,500.16333333333324,2164.988,151.86399999999998,0,0.15763703042918029,653.41,0
653.41,32.22,2.72,78.84,0,2025-02-07 15:00:00,1,137043,12.02,Zone_B,84.94,15,4,2,653.41,503.45,452.8,536.5533333333332,2540.2248,87.6384,1,0.018367689980287587,522.93,0
522.93,29.36,14.94,79.67,0,2025-02-07 16:00:00,0,97147,46.93,Zone_D,81.82,16,4,2,522.93,653.41,503.45,559.9299999999998,2339.1112,438.6384,0,0.08957303456568626,505.57,0
505.57,32.69,1.34,76.82,1,2025-02-07 17:00:00,0,97671,82.0,Zone_C,73.92,17,4,2,505.57,522.93,653.41,560.6366666666665,2511.2457999999997,43.8046,0,0.16187298892551868,336.82,1
336.82,20.57,5.1,82.55,1,2025-02-07 18:00:00,0,139342,67.73,Zone_A,92.9,18,4,2,336.82,505.57,522.93,455.1066666666665,1698.0535,104.907,0,0.20049138594517793,589.55,0
589.55,23.24,7.86,83.73,0,2025-02-07 19:00:00,0,69171,46.57,Zone_C,78.8,19,4,2,589.55,336.82,505.57,477.3133333333332,1945.8852,182.66639999999998,0,0.07885869105071544,577.46,1
577.46,22.84,13.35,93.57,0,2025-02-07 20:00:00,0,136129,53.6,Zone_B,78.76,20,4,2,577.46,589.55,336.82,501.2766666666666,2137.1387999999997,304.914,0,0.092659820903779,759.59,1
759.59,30.86,11.93,72.03,0,2025-02-07 21:00:00,0,105692,30.69,Zone_A,92.94,21,4,2,759.59,577.46,589.55,642.1999999999999,2222.8458,368.15979999999996,0,0.040350254407762395,463.07,0
463.07,40.4,5.49,67.79,0,2025-02-07 22:00:00,1,108541,63.41,Zone_C,69.94,22,4,2,463.07,759.59,577.46,600.0399999999998,2738.7160000000003,221.796,0,0.1366388691361217,526.3,1
526.3,43.39,6.24,55.6,0,2025-02-07 23:00:00,0,59470,100.0,Zone_C,72.81,23,4,2,526.3,463.07,759.59,582.9866666666666,2412.484,270.7536,0,0.1896453631708705,529.93,1
529.93,33.83,14.93,64.99,0,2025-02-08 00:00:00,1,111344,79.49,Zone_D,84.85,0,5,2,529.93,526.3,463.07,506.4333333333332,2198.6117,505.08189999999996,0,0.14971841862392407,689.29,0
689.29,33.01,5.39,73.38,0,2025-02-08 01:00:00,1,94308,100.0,Zone_C,87.35,1,5,2,689.29,529.93,526.3,581.8399999999998,2422.2737999999995,177.92389999999997,0,0.1448666502484463,488.56,0
488.56,19.19,6.85,92.48,0,2025-02-08 02:00:00,0,100639,80.88,Zone_A,88.88,2,5,2,488.56,689.29,529.93,569.2599999999999,1774.6912000000002,131.4515,0,0.1652095759457472,533.48,0
533.48,26.74,15.31,75.55,0,2025-02-08 03:00:00,0,71326,83.49,Zone_C,82.59,3,5,2,533.48,488.56,689.29,570.4433333333333,2020.2069999999999,409.38939999999997,0,0.15620790300853163,572.95,0
572.95,25.27,32.18,76.89,0,2025-02-08 04:00:00,1,54597,100.0,Zone_B,100.0,4,5,2,572.95,533.48,488.56,531.6633333333333,1943.0103,813.1886,0,0.17423120480878124,522.39,0
522.39,26.27,7.38,74.72,1,2025-02-08 05:00:00,1,80788,71.79,Zone_D,83.18,5,5,2,522.39,572.95,533.48,542.9399999999999,1962.8944,193.8726,0,0.13716349185120083,446.43,0
446.43,28.99,9.21,71.53,1,2025-02-08 06:00:00,0,115020,61.63,Zone_A,83.15,6,5,2,446.43,522.39,572.95,513.9233333333333,2073.6547,266.9979,0,0.13774221665958922,523.29,0
523.29,27.17,11.64,79.63,0,2025-02-08 07:00:00,0,99477,83.59,Zone_A,78.62,7,5,2,523.29,446.43,522.39,497.36999999999995,2163.5471000000002,316.2588,0,0.15943466402182,628.84,1
628.84,18.12,15.2,72.52,1,2025-02-08 08:00:00,0,83071,91.17,Zone_C,85.99,8,5,2,628.84,523.29,446.43,532.8533333333334,1314.0624,275.424,0,0.14475104788517718,376.82,0
376.82,34.49,13.61,81.66,0,2025-02-08 09:00:00,1,120603,56.36,Zone_B,89.92,9,5,2,376.82,628.84,523.29,509.6499999999999,2816.4534,469.4089,0,0.14917156317823302,515.96,0
515.96,23.56,3.26,74.83,1,2025-02-08 10:00:00,0,111923,52.01,Zone_D,94.63,10,5,2,515.96,376.82,628.84,507.20666666666665,1762.9948,76.80559999999998,0,0.10060739709068399,415.99,0
415.99,31.44,7.82,79.63,1,2025-02-08 11:00:00,0,120560,67.5,Zone_A,73.09,11,5,2,415.99,515.96,376.82,436.25666666666666,2503.5672,245.8608,0,0.16187438547686994,643.41,1
643.41,42.44,13.68,54.88,0,2025-02-08 12:00:00,0,123251,79.97,Zone_D,83.03,12,5,2,643.41,415.99,515.96,525.12,2329.1072,580.5791999999999,0,0.12409801213513136,317.22,0
317.22,24.48,17.72,84.76,0,2025-02-08 13:00:00,0,107492,79.37,Zone_C,88.57,13,5,2,317.22,643.41,415.99,458.8733333333333,2074.9248000000002,433.7856,0,0.24941864119162843,432.93,0
432.93,15.0,5.11,92.38,0,2025-02-08 14:00:00,0,81770,39.36,Zone_B,89.7,14,5,2,432.93,317.22,643.41,464.52,1385.6999999999998,76.65,0,0.09070587421934413,545.27,0
545.27,28.28,7.66,79.45,0,2025-02-08 15:00:00,0,126762,99.41,Zone_C,85.05,15,5,2,545.27,432.93,317.22,431.8066666666667,2246.846,216.62480000000002,0,0.1819796071539715,687.86,0
687.86,36.61,8.44,61.76,0,2025-02-08 16:00:00,1,85399,53.46,Zone_D,89.34,16,5,2,687.86,545.27,432.93,555.3533333333334,2261.0335999999998,308.98839999999996,0,0.07760648027175333,492.11,0
492.11,41.75,6.05,67.6,0,2025-02-08 17:00:00,0,128948,60.23,Zone_C,78.53,17,5,2,492.11,687.86,545.27,575.0799999999999,2822.2999999999997,252.5875,0,0.12214313236397557,433.38,1
433.38,22.62,7.49,71.44,0,2025-02-08 18:00:00,0,107439,48.75,Zone_D,97.46,18,5,2,433.38,492.11,687.86,537.7833333333333,1615.9728,169.4238,0,0.11222892398360883,725.74,0
725.74,32.98,46.73,70.59,1,2025-02-08 19:00:00,0,94415,100.0,Zone_A,92.94,19,5,2,725.74,433.38,492.11,550.41,2328.0582,1541.1553999999996,0,0.13760079258056526,326.24,0
326.24,27.21,4.91,85.47,1,2025-02-08 20:00:00,0,62569,69.36,Zone_A,74.24,20,5,2,326.24,725.74,433.38,495.1199999999999,2325.6387,133.6011,0,0.21195452878621196,236.14,1
236.14,29.36,5.28,81.88,0,2025-02-08 21:00:00,0,52369,49.68,Zone_C,76.4,21,5,2,236.14,326.24,725.74,429.3733333333333,2403.9968,155.0208,0,0.20949649995783082,552.8,1
552.8,45.0,0.71,63.12,0,2025-02-08 22:00:00,0,147557,80.55,Zone_A,76.62,22,5,2,552.8,236.14,326.24,371.72666666666663,2840.4,31.95,0,0.1454496208017335,439.75,1
439.75,20.98,0.53,74.42,0,2025-02-08 23:00:00,0,50528,78.84,Zone_D,90.42,23,5,2,439.75,552.8,236.14,409.5633333333333,1561.3316,11.1194,0,0.17887691435053887,377.45,0
377.45,31.52,8.95,78.95,0,2025-02-09 00:00:00,0,80314,61.62,Zone_A,74.72,0,6,2,377.45,439.75,552.8,456.6666666666666,2488.504,282.104,0,0.16282203725723346,585.0,1
585.0,32.81,13.73,72.91,1,2025-02-09 01:00:00,0,68047,80.13,Zone_B,82.35,1,6,2,585.0,377.45,439.75,467.3999999999999,2392.1771,450.48130000000003,0,0.136740614334471,529.26,0
529.26,36.51,11.8,51.23,0,2025-02-09 02:00:00,0,69748,50.14,Zone_B,88.64,2,6,2,529.26,585.0,377.45,497.2366666666666,1870.4072999999999,430.818,0,0.09455738694225474,432.31,0
432.31,30.59,2.41,80.79,0,2025-02-09 03:00:00,0,85109,56.13,Zone_C,84.47,3,6,2,432.31,529.26,585.0,515.5233333333332,2471.3661,73.7219,0,0.12953774434007986,346.36,0
346.36,31.85,11.25,73.33,0,2025-02-09 04:00:00,0,63919,28.82,Zone_C,87.07,4,6,2,346.36,432.31,529.26,435.97666666666663,2335.5605,358.3125,1,0.08296867802855827,604.69,0
604.69,27.65,5.2,86.5,0,2025-02-09 05:00:00,0,97498,41.17,Zone_C,76.47,5,6,2,604.69,346.36,432.31,461.11999999999995,2391.725,143.78,0,0.06797206491769717,578.02,1
578.02,31.61,4.05,64.95,1,2025-02-09 06:00:00,0,105808,97.54,Zone_C,89.76,6,6,2,578.02,604.69,346.36,509.69,2053.0695,128.0205,0,0.16845704811578185,488.1,0
488.1,27.94,1.16,51.23,1,2025-02-09 07:00:00,0,130792,94.55,Zone_D,80.09,7,6,2,488.1,578.02,604.69,556.9366666666666,1431.3662,32.4104,0,0.19331425066448576,721.6,0
721.6,33.73,2.76,74.25,0,2025-02-09 08:00:00,0,120441,66.18,Zone_D,82.4,8,6,2,721.6,488.1,578.02,595.9066666666666,2504.4525,93.09479999999998,0,0.09158593966233047,371.59,0
371.59,27.78,9.13,79.11,0,2025-02-09 09:00:00,0,124420,94.93,Zone_B,86.9,9,6,2,371.59,721.6,488.1,527.0966666666666,2197.6758,253.63140000000004,0,0.2547840790144663,316.94,0
316.94,32.26,7.75,59.66,0,2025-02-09 10:00:00,0,78906,62.12,Zone_D,85.82,10,6,2,316.94,371.59,721.6,470.04333333333324,1924.6315999999997,250.015,0,0.19538277662452033,416.97,0
416.97,29.82,6.79,67.31,1,2025-02-09 11:00:00,0,121486,60.62,Zone_A,85.19,11,6,2,416.97,316.94,371.59,368.49999999999994,2007.1842000000001,202.4778,0,0.1450343326076034,494.53,0
494.53,36.76,0.21,91.64,1,2025-02-09 12:00:00,0,116896,66.02,Zone_B,78.99,12,6,2,494.53,416.97,316.94,409.47999999999996,3368.6864,7.719599999999999,0,0.1332310859080177,529.2,1
529.2,29.69,6.85,72.8,0,2025-02-09 13:00:00,0,71946,62.75,Zone_C,82.6,13,6,2,529.2,494.53,416.97,480.2333333333333,2161.432,203.3765,0,0.11835156544700112,471.05,0
471.05,19.36,3.21,89.36,0,2025-02-09 14:00:00,0,97020,61.13,Zone_C,85.02,14,6,2,471.05,529.2,494.53,498.25999999999993,1730.0095999999999,62.145599999999995,0,0.129498993750662,542.25,0
542.25,37.57,7.8,63.74,1,2025-02-09 15:00:00,0,124266,85.58,Zone_D,74.0,15,6,2,542.25,471.05,529.2,514.1666666666666,2394.7118,293.046,0,0.1575333640128854,349.82,1
349.82,24.57,15.55,62.63,0,2025-02-09 16:00:00,0,72161,67.7,Zone_B,81.3,16,6,2,349.82,542.25,471.05,454.3733333333332,1538.8191000000002,382.06350000000003,0,0.19297645516219145,673.25,0
673.25,26.08,3.73,76.78,1,2025-02-09 17:00:00,0,77738,77.82,Zone_D,88.1,17,6,2,673.25,349.82,542.25,521.7733333333332,2002.4224,97.27839999999999,0,0.11541713014460511,490.14,0
490.14,26.43,6.41,75.73,0,2025-02-09 18:00:00,0,53925,83.56,Zone_D,74.78,18,6,2,490.14,673.25,349.82,504.4033333333332,2001.5439000000001,169.4163,0,0.17013478845135807,634.08,1
634.08,38.25,25.27,65.2,0,2025-02-09 19:00:00,0,58463,71.99,Zone_D,94.25,19,6,2,634.08,490.14,673.25,599.1566666666666,2493.9,966.5775,0,0.11335579769477859,541.13,0
541.13,17.19,7.46,84.33,0,2025-02-09 20:00:00,0,107153,47.54,Zone_B,95.16,20,6,2,541.13,634.08,490.14,555.1166666666667,1449.6327,128.2374,0,0.08769114419050782,554.81,0
554.81,45.0,5.71,65.11,0,2025-02-09 21:00:00,0,132948,40.65,Zone_C,75.04,21,6,2,554.81,541.13,634.08,576.6733333333333,2929.95,256.95,0,0.07313650348140552,568.37,1
568.37,36.34,2.45,68.73,0,2025-02-09 22:00:00,0,111009,67.68,Zone_A,95.86,22,6,2,568.37,554.81,541.13,554.7699999999999,2497.6482000000005,89.03300000000002,0,0.11886822277253808,553.73,0
553.73,31.34,11.5,63.82,1,2025-02-09 23:00:00,0,137938,61.92,Zone_C,83.85,23,6,2,553.73,568.37,554.81,558.9699999999999,2000.1188,360.41,0,0.11162187009896707,577.13,0
577.13,29.67,1.99,79.15,0,2025-02-10 00:00:00,1,149546,66.57,Zone_B,88.35,0,0,2,577.13,553.73,568.37,566.41,2348.3805,59.0433,0,0.11514711224119141,659.5,0
659.5,31.71,16.08,58.03,0,2025-02-10 01:00:00,0,141253,64.71,Zone_C,81.03,1,0,2,659.5,577.13,553.73,596.7866666666665,1840.1313,509.8968,0,0.09797123391370173,523.58,0
523.58,33.13,10.21,56.1,0,2025-02-10 02:00:00,0,91552,100.0,Zone_C,92.38,2,0,2,523.58,659.5,577.13,586.7366666666666,1858.5930000000003,338.25730000000004,0,0.19062869343093522,585.08,0
585.08,33.87,3.33,77.82,0,2025-02-10 03:00:00,0,106271,41.06,Zone_A,88.25,3,0,2,585.08,523.58,659.5,589.3866666666667,2635.7633999999994,112.7871,0,0.07005869505869505,489.23,0
489.23,33.33,2.55,76.39,0,2025-02-10 04:00:00,0,59797,29.18,Zone_C,78.49,4,0,2,489.23,585.08,523.58,532.63,2546.0787,84.99149999999999,1,0.0595230810027946,672.81,1
672.81,30.54,2.62,74.11,0,2025-02-10 05:00:00,0,136130,70.98,Zone_C,75.68,5,0,2,672.81,489.23,585.08,582.3733333333333,2263.3194,80.0148,0,0.10534126831005775,418.83,1
418.83,28.82,0.54,64.78,1,2025-02-10 06:00:00,0,121942,58.22,Zone_C,73.32,6,0,2,418.83,672.81,489.23,526.9566666666666,1866.9596000000001,15.562800000000001,0,0.13867517804825763,716.11,1
716.11,29.09,8.77,70.06,0,2025-02-10 07:00:00,0,63965,70.69,Zone_D,86.5,7,0,2,716.11,418.83,672.81,602.5833333333333,2038.0454,255.11929999999998,0,0.09857622958820822,495.18,0
495.18,28.83,0.27,73.83,0,2025-02-10 08:00:00,0,63733,75.51,Zone_B,89.58,8,0,2,495.18,716.11,418.83,543.3733333333332,2128.5189,7.7841000000000005,0,0.15218267564190416,328.31,0
328.31,36.8,5.38,56.79,0,2025-02-10 09:00:00,0,103223,88.11,Zone_B,90.21,9,0,2,328.31,495.18,716.11,513.1999999999999,2089.872,197.98399999999998,0,0.2675594424706204,515.37,0
515.37,33.56,5.06,66.24,1,2025-02-10 10:00:00,0,76926,37.87,Zone_A,84.06,10,0,2,515.37,328.31,495.18,446.2866666666666,2223.0144,169.8136,0,0.07333888490810853,418.27,0
418.27,15.0,4.24,92.22,1,2025-02-10 11:00:00,1,78783,54.98,Zone_D,75.74,11,0,2,418.27,515.37,328.31,420.6499999999999,1383.3,63.6,0,0.13113268299663702,600.88,1
600.88,33.94,8.72,83.27,1,2025-02-10 12:00:00,0,133360,72.72,Zone_D,79.54,12,0,2,600.88,418.27,515.37,511.5066666666666,2826.1838,295.9568,0,0.12082142619791321,421.69,1
421.69,31.17,3.34,70.71,0,2025-02-10 13:00:00,0,86394,78.87,Zone_C,94.22,13,0,2,421.69,600.88,418.27,480.2799999999999,2204.0307,104.1078,0,0.1865906456268187,446.46,0
446.46,29.89,6.87,81.14,0,2025-02-10 14:00:00,0,114796,100.0,Zone_B,81.12,14,0,2,446.46,421.69,600.88,489.67666666666656,2425.2746,205.3443,0,0.22348366334420955,273.26,0
273.26,27.67,16.08,61.55,0,2025-02-10 15:00:00,0,78287,82.2,Zone_A,86.15,15,0,2,273.26,446.46,421.69,380.46999999999997,1703.0885,444.93359999999996,0,0.2997155983373441,445.72,0
445.72,36.74,9.61,74.88,0,2025-02-10 16:00:00,0,132104,63.98,Zone_D,76.39,16,0,2,445.72,273.26,446.46,388.47999999999985,2751.0912,353.0714,0,0.14322170487106015,209.13,1
209.13,35.69,3.88,64.02,0,2025-02-10 17:00:00,0,80436,48.97,Zone_C,87.69,17,0,2,209.13,445.72,273.26,309.36999999999995,2284.8738,138.47719999999998,0,0.23304620948936372,309.93,0
309.93,25.36,5.88,81.17,0,2025-02-10 18:00:00,0,136916,54.84,Zone_A,81.34,18,0,2,309.93,209.13,445.72,321.59333333333325,2058.4712,149.11679999999998,0,0.17637410349596372,591.25,0
591.25,32.44,4.25,71.06,0,2025-02-10 19:00:00,0,140332,54.33,Zone_D,93.37,19,0,2,591.25,309.93,209.13,370.10333333333324,2305.1864,137.87,0,0.09173490924440691,594.3,0
594.3,24.17,4.99,90.23,0,2025-02-10 20:00:00,0,123567,76.79,Zone_A,91.19,20,0,2,594.3,591.25,309.93,498.49333333333317,2180.8591,120.60830000000001,0,0.1289937846463968,551.05,0
551.05,21.72,7.06,74.63,1,2025-02-10 21:00:00,0,137483,69.63,Zone_D,81.03,21,0,2,551.05,594.3,591.25,578.8666666666664,1620.9635999999998,153.3432,0,0.12612987953989674,383.96,0
383.96,26.24,1.09,83.03,0,2025-02-10 22:00:00,0,53188,41.17,Zone_A,83.99,22,0,2,383.96,551.05,594.3,509.7699999999998,2178.7072,28.6016,0,0.10694617622610142,494.27,0
494.27,35.17,0.76,68.62,0,2025-02-10 23:00:00,0,141205,57.15,Zone_D,80.59,23,0,2,494.27,383.96,551.05,476.4266666666665,2413.3654,26.729200000000002,0,0.11539160457932038,499.57,0
499.57,35.72,2.22,69.16,1,2025-02-11 00:00:00,0,147349,80.8,Zone_D,73.64,0,1,2,499.57,494.27,383.96,459.2666666666666,2470.3952,79.2984,0,0.1614159857762151,361.0,1
361.0,33.08,9.07,71.07,0,2025-02-11 01:00:00,0,56765,71.33,Zone_A,78.14,1,1,2,361.0,499.57,494.27,451.61333333333323,2350.9955999999997,300.0356,0,0.1970441988950276,680.41,1
680.41,34.35,10.13,64.75,1,2025-02-11 02:00:00,0,101626,75.24,Zone_D,86.59,2,1,2,680.41,361.0,499.57,513.6599999999999,2224.1625,347.9655,0,0.11041810363804463,605.28,0
605.28,33.1,11.4,72.41,0,2025-02-11 03:00:00,0,138707,71.89,Zone_D,87.6,3,1,2,605.28,680.41,361.0,548.8966666666665,2396.771,377.34000000000003,0,0.11857557564161775,473.48,0
473.48,26.15,2.32,77.58,0,2025-02-11 04:00:00,0,60807,94.28,Zone_D,86.19,4,1,2,473.48,605.28,680.41,586.3899999999999,2028.7169999999999,60.66799999999999,0,0.1987017366380037,503.23,0
503.23,32.59,6.38,74.86,1,2025-02-11 05:00:00,0,60204,69.25,Zone_A,82.59,5,1,2,503.23,473.48,605.28,527.3299999999999,2439.6874000000003,207.9242,0,0.13733811950895425,525.01,0
525.01,34.8,4.0,71.83,1,2025-02-11 06:00:00,0,142602,58.05,Zone_A,92.46,6,1,2,525.01,503.23,473.48,500.57333333333327,2499.6839999999997,139.2,0,0.11035911864793445,254.99,0
254.99,34.53,5.19,77.76,1,2025-02-11 07:00:00,0,107944,48.52,Zone_D,85.51,7,1,2,254.99,525.01,503.23,427.74333333333317,2685.0528000000004,179.21070000000003,0,0.18953865385366617,470.34,0
470.34,37.13,3.93,76.68,0,2025-02-11 08:00:00,0,92120,69.49,Zone_D,90.63,8,1,2,470.34,254.99,525.01,416.7799999999999,2847.1284000000005,145.92090000000002,0,0.1474307294097679,418.16,0
418.16,34.25,7.41,63.2,0,2025-02-11 09:00:00,0,72658,21.07,Zone_A,70.81,9,1,2,418.16,470.34,254.99,381.16333333333324,2164.6,253.79250000000002,1,0.05026720106880427,379.81,1
379.81,32.11,2.91,80.26,0,2025-02-11 10:00:00,0,87081,61.68,Zone_C,53.62,10,1,2,379.81,418.16,470.34,422.7699999999999,2577.1486,93.4401,0,0.1619705364880124,466.27,1
466.27,36.42,14.73,60.37,0,2025-02-11 11:00:00,0,84986,61.29,Zone_D,87.27,11,1,2,466.27,379.81,418.16,421.41333333333324,2198.6754,536.4666000000001,0,0.1311661352109059,715.72,0
715.72,29.84,14.83,79.83,1,2025-02-11 12:00:00,0,129322,40.44,Zone_C,73.6,12,1,2,715.72,466.27,379.81,520.5999999999999,2382.1272,442.5272,0,0.05642370800312534,576.9,1
576.9,24.71,8.84,84.19,0,2025-02-11 13:00:00,1,144819,48.29,Zone_A,83.3,13,1,2,576.9,715.72,466.27,586.2966666666666,2080.3349,218.4364,0,0.08356116975255234,431.46,0
431.46,29.02,13.41,60.49,1,2025-02-11 14:00:00,0,100304,79.57,Zone_D,82.58,14,1,2,431.46,576.9,715.72,574.6933333333333,1755.4198000000001,389.1582,0,0.18399389538916894,568.71,0
